_id,name,brand,size,price
altosight_000,Lexar 32GB 1400x 210MB/s professional XQD memÃ³riakÃ¡rtya,LEXAR,32,31990.0
altosight_001,Sony microSDXC UHS-1 U3 128GB memÃ³riakÃ¡rtya + adapter (SRG1UXA),SONY,128,59990.0
altosight_002,"SANDISK DUAL DRIVE, TYPE-C, USB 3.0, 16GB, 130 MB/S",SANDISK,16,6790.0
altosight_003,"SanDisk Dual Drive, TYPE-C, USB 3.0, 64GB, 150 MB/S",SANDISK,64,14190.0
altosight_004,Lexar XQD 32GB X1400 PROFESSIONAL XQD +KUPON PREMIUM -50% na AB FOTOKSI??K? - Abfoto,LEXAR,32,329.0
altosight_005,Lexar XQD 32GB X1400 PROFESSIONAL XQD +KUPON PREMIUM -50% na AB FOTOKSI??K? - Abfoto,LEXAR,32,329.0
altosight_006,SANDISK TARJETA MICRO SDHC EXTREM PRO 16GB HC 95MB CLASE 10 - Tarjetas - Accesorios,SANDISK,16,29.0
altosight_007,SANDISK Ultra Performance Class 10 microSD Memory Card - 128 GB,SANDISK,128,69.99
altosight_008,SANDISK Ultra Performance Class 10 microSD Memory Card - 32 GB,SANDISK,32,29.99
altosight_009,SANDISK Ultra Performance Class 10 microSD Memory Card - 64 GB,SANDISK,64,39.99
altosight_010,SANDISK Ultra Plus Class 10 SD Memory Card - 16 GB,SANDISK,16,19.99
altosight_011,SANDISK Ultra Plus Class 10 SD Memory Card - 64 GB,SANDISK,64,39.99
altosight_012,"PNY Attache 4 USB 2.0 Memory Stick - 128 GB, Black",PNY,128,21.99
altosight_013,Karta pami?ci Lexar XQD 32 GB x1400 Pro,LEXAR,32,289.0
altosight_014,Karta pami?ci Sandisk microSDHC 16GB Extreme Pro 95MB/s C10 UHS-I + adapter SD,SANDISK,16,103.0
altosight_015,"Wysokiej jako?ci karta pami?ci microSD SR-UX2A, ktÃ³ra zosta?a zaprojektowana do zapisu zdj?? w wysokiej rozdzielczo?ci, obs?ugi szybkich trybÃ³w zdj?? seryjnych oraz filmowania w rozdzielczo?ci 4K lub Full HD (XAVC S), w trakcie korzystania z urz?dze? takich jak np. zaawansowane smartfony, tablety czy kamery sportowe. Wytrzyma?a obudowa zapewnia bezpiecze?stwo danych i odporno?? na wstrz?sy, kurz, py?, wilgo?, promieniowanie rentgenowskie i skrajne temperatury. Szybki odczyt wynosz?cy 95 MB/s i pozwala na swobodn? prac? w cyfrowej ciemni czy studiu monta?owym z profesjonalnymi aparatami cyfrowymi i kamerami. W zestawie z adapterem umo?liwiaj?cym ?atwe przes?anie danych z i do pami?ci komputera.",SONY,128,229.0
altosight_016,"Wysokiej jako?ci karta pami?ci microSD SR-UY3A, ktÃ³ra zosta?a zaprojektowana do zapisu zdj?? w wysokiej rozdzielczo?ci, obs?ugi szybkich trybÃ³w zdj?? seryjnych oraz filmowania w rozdzielczo?ci 4K lub Full HD (XAVC S), w trakcie korzystania z urz?dze? takich jak np. zaawansowane smartfony, tablety czy kamery sportowe. Wytrzyma?a obudowa zapewnia bezpiecze?stwo danych i odporno?? na wstrz?sy, kurz, py?, wilgo?, promieniowanie rentgenowskie i skrajne temperatury. Szybki odczyt wynosz?cy 90 MB/s i pozwala na swobodn? prac? w cyfrowej ciemni czy studiu monta?owym z profesjonalnymi aparatami cyfrowymi i kamerami. W zestawie z adapterem umo?liwiaj?cym ?atwe przes?anie danych z i do pami?ci komputera.",SONY,128,229.0
altosight_017,"Karta pami?ci SDHC (Secure Digital High Capacity) gwarantuj?ca minimaln? szybko?? transferu 4 MB/s, kompatybilna tylko z urz?dzeniami obs?uguj?cymi standard SDHC. Obj?ta wieczyst? gwarancj?.",Kingston,4,
altosight_018,Karta pami?ci Sony microSD 8 GB,SONY,8,40.0
altosight_019,Carte SD Lexar PREMIUM SERIES SDHC 8 Go - SD 300X 8GB (4116020),LEXAR,8,7.9
altosight_020,Carte micro SD Samsung MSD EVO PLUS 16GB (4225090),Samsung,16,12.99
altosight_021,Carte micro SD Sandisk EXTREME PLUS MICRO SDHC 16 Go - MSD 16GB EXT PLUS V2 (4144520),SANDISK,16,46.32
altosight_022,ClÃ© USB Lexar JUMPDRIVE S25 16GB - LJDS25-16GABEU (4110277),LEXAR,16,13.9
altosight_023,ClÃ© USB Lexar JUMPDRIVE S25 32GB (4110331),LEXAR,32,22.9
altosight_024,ClÃ© USB Lexar JUMPDRIVE S25 64GB (4110315),LEXAR,64,39.9
altosight_025,ClÃ© USB Lexar V30 16GB USB 2.0 (4169409),LEXAR,16,8.9
altosight_026,ClÃ© USB Lexar V30 32GB USB 2.0 (4169425),LEXAR,32,11.9
altosight_027,ClÃ© USB Lexar P20 USB 3.0 128 GO (4187407),LEXAR,128,99.9
altosight_028,ClÃ© USB Lexar P20 USB 3.0 32 GO (4187369),LEXAR,32,33.23
altosight_029,ClÃ© USB Sandisk GLIDE 128 GB 3.0 (4194551),SANDISK,128,64.9
altosight_030,ClÃ© USB Sony ClÃ© OTG 16Go USM16CA1 type C et USB 3.1 (4190041),SONY,16,29.99
altosight_031,ClÃ© USB Intenso Cl&amp;eacute; USB 16GB Intenso Basic Line - Sous blister (MK48541586),Intenso,16,8.84
altosight_032,ClÃ© USB Intenso Cl&amp;eacute; USB 4GB INTENSO Rainbow Line - Sous Blister (MK483972804),Intenso,4,7.14
altosight_033,ClÃ© USB Intenso Cl&amp;eacute; USB 64GB Intenso FlashDrive Premium Line 3.0 - blister aluminium (MK935883101),Intenso,64,39.22
altosight_034,ClÃ© USB Intenso Cl&amp;eacute; USB 8GB Intenso FlashDrive Premium Line 3.0 - blister aluminium (MK935883071),Intenso,8,10.55
altosight_035,ClÃ© USB Kingston Cl&amp;eacute; USB 16GB Kingston DT101 G2 - Sous Blister (MK483703403),Kingston,16,13.95
altosight_036,ClÃ© USB Kingston Cl&amp;eacute; USB 32GB Kingston DT101 G2 - Sous blister (MK935278601),Kingston,32,24.45
altosight_037,ClÃ© USB Kingston Cl&amp;amp;eacute; USB 64Go Kingston DataTraveler DTI G4 - Sous blister,Kingston,64,19.89
altosight_038,ClÃ© USB Kingston Kingston ClÃ© USB 16 Go Datatraveler G2 101 (MK1574653819),Kingston,16,14.61
altosight_039,ClÃ© USB Lexar 16GB JumpDrive V30 16Go USB 2.0 Type A Blanc lecteur USB flash (MK1289619889),LEXAR,16,11.94
altosight_040,"ClÃ© USB Lexar 32GB JumpDrive V30 32Go USB 2.0 Type A Vert, Blanc lecteur USB flash (MK1344856649)",LEXAR,32,13.92
altosight_041,"ClÃ© USB Lexar JumpDrive C20c 128GB 128GB USB 3.0 (3.1 Gen 1) Type-A/Type-C Noir, Argent lecteur USB flash (MK1008030400)",LEXAR,128,76.72
altosight_042,"ClÃ© USB Lexar JumpDrive C20m 128GB 128GB USB 3.0 (3.1 Gen 1) Type-A Noir, Argent lecteur USB flash (MK1902705846)",LEXAR,128,57.8
altosight_043,"ClÃ© USB Lexar JumpDrive C20m 32GB 32GB USB 3.0 (3.1 Gen 1) Type-A/Type-C Noir, Argent lecteur USB flash (MK113845669)",LEXAR,32,29.97
altosight_044,ClÃ© USB Sandisk Extreme GO 64Go USB 3.0 (3.1 Gen 1) Type A Noir lecteur USB flash (MK1905627408),SANDISK,64,54.22
altosight_045,ClÃ© USB Toshiba THN-U202W1280E4 128Go USB 2.0 Type A Blanc lecteur USB flash (MK1725168789),TOSHIBA,128,39.77
altosight_046,Carte SD Sandisk Sandisk 8go classe 4 sd secure digital sdhc,SANDISK,8,8.99
altosight_047,Carte XQD Lexar XQD PRO 32 Go 1400X (MK937093372),LEXAR,32,87.45
altosight_048,Accessoires Montres / Bracelets connectÃ©s Sandisk Carte mÃ©moire sdxc sandisk extreme 128 go,SANDISK,32,66.54
altosight_049,Accessoires Montres / Bracelets connectÃ©s Sandisk Carte mÃ©moire sdxc sandisk extreme 128 go,SANDISK,32,46.83
altosight_050,Accessoires Montres / Bracelets connectÃ©s Sandisk Ultra android microsdhc 32g,SANDISK,32,23.49
altosight_051,Accessoires Montres / Bracelets connectÃ©s Sandisk Ultra android microsdhc 32g,SANDISK,32,26.48
altosight_052,Carte mÃ©moire Sandisk MicroSDHC 16Go Sandisk Extreme Pro CL10 UHS-I 95MBs/633x Bulk/Mini Case (MK93587531),SANDISK,16,41.16
altosight_053,Carte mÃ©moire Sony CARTE SDHC 8Go 40 Mo/s (MK935595673),SONY,8,16.05
altosight_054,Carte SD Sandisk Sandisk 8go classe 4 sd secure digital sdhc,SANDISK,8,6.99
altosight_055,Accessoires Montres / Bracelets connectÃ©s Sandisk Carte mÃ©moire sdxc sandisk extreme 128 go,SANDISK,32,49.6
altosight_056,Accessoires Montres / Bracelets connectÃ©s Sandisk Ultra android microsdhc 32g,SANDISK,32,26.39
altosight_057,Sandisk SDHC 8GO - SDHC8GO,SANDISK,8,28.18
altosight_058,Samsung microSD EVO Plus 16GB 80 MB\/s,Samsung,16,29.99
altosight_059,Kingston Data Traveler I G4 64GB USB 3.0,Kingston,64,79.99
altosight_060,Kingston HyperX Savage 512GB USB 3.0,Kingston,512,949.0
altosight_061,PNY Attache 4 8GB USB 2.0 (czarny),PNY,8,24.99
altosight_062,SAMSUNG - EVO+ MB-MC16D 16GB&nbsp;Rosso/Bianco,Samsung,16,9.0
altosight_063,SANDISK - SDHC 8GB&nbsp;,SANDISK,8,7.99
altosight_064,SONY - SF8U (SDHC 8GB CLASSE 6)&nbsp;,SONY,8,9.99
altosight_065,SONY - SONY SDHC MEMORY 16GB SF16N4&nbsp;,SONY,16,12.99
altosight_066,TOSHIBA - scheda di memoria microSDHC 32GB - Exceria&nbsp;NERO,TOSHIBA,32,29.0
altosight_067,LEXAR - JumpDrive USB 2.0 16GB&nbsp;grey/orange,LEXAR,16,19.9
altosight_068,LEXAR - Jumpdrive V10 8GB&nbsp;,LEXAR,8,6.99
altosight_069,SANDISK - Cruzer Extreme USB 3.0 16GB&nbsp;,SANDISK,16,29.9
altosight_070,SANDISK - Cruzer Fit 128GB&nbsp;,SANDISK,128,149.99
altosight_071,SONY - Memoria USB Type-C USB 3.1 16GB&nbsp;,SONY,16,29.9
altosight_072,SONY - USM32GR&nbsp;Nero,SONY,32,29.9
altosight_073,ClÃ© USB 3.1 Sony Type C 16 Go + Etui en MÃ©tal Argent,SONY,16,19.99
altosight_074,ClÃ© USB3.0 Lexar JumpDrive P20 32 Go Noir,LEXAR,32,
altosight_075,DataTraveler 101 G2 - Lecteur flash USB - 16 Go - Hi-Speed USB - noir,Kingston,16,
altosight_076,SanDisk - carte mÃ©moire flash - 4 Go - microSDHC,SANDISK,4,
altosight_077,Kingston - carte mÃ©moire flash - 4 Go - SDHC,Kingston,4,
altosight_078,Kingston Ultimate - carte mÃ©moire flash - 16 Go - SDHC,Kingston,16,
altosight_079,Kingston datatraveler 101 generation 2 (g2) clÃ© usb 32 go mauve kingston technology dt101g2 32gb,Kingston,32,
altosight_080,Kingston - carte mÃ©moire flash - 256 Go - SDXC,Kingston,256,
altosight_081,Toshiba EXCERIA - carte mÃ©moire flash - 32 Go - microSDHC UHS-I,TOSHIBA,32,
altosight_082,Toshiba sdxc carte class 10 64go   gb exceria ultra highuhs i,TOSHIBA,64,
altosight_083,Toshiba EXCERIA - carte mÃ©moire flash - 64 Go - microSDXC UHS-I,TOSHIBA,64,
altosight_084,Toshiba EXCERIA PRO - carte mÃ©moire flash - 32 Go - SDHC UHS-II,TOSHIBA,32,
altosight_085,Toshiba EXCERIA PRO - carte mÃ©moire flash - 128 Go - SDXC UHS-II,TOSHIBA,128,
altosight_086,Toshiba EXCERIA PRO - carte mÃ©moire flash - 64 Go - SDXC UHS-II,TOSHIBA,64,
altosight_087,Kingston Carte Sd Professionnelles Sda10 256Gb Uhs-I Sdhc Sdxc Classe 10 - 256Go,Kingston,256,
altosight_088,Sony Usm32Gr Noir ClÃ© Usb 32Go,SONY,32,
altosight_089,Transcend Ultimate series - carte mÃ©moire flash - 64 Go - SDXC UHS-II,Transcend,64,
altosight_090,Intenso premium line 64gb usb 3.0 (3534490),Intenso,64,
altosight_091,Kingston - carte mÃ©moire flash - 16 Go - microSDHC UHS-I,Kingston,16,
altosight_092,Toshiba EXCERIA N302 - carte mÃ©moire flash - 128 Go - SDXC UHS-I,TOSHIBA,128,
altosight_093,SANDISK Carte MÃ©moire Extreme Pro SDHC / SDXC 16 Go 280 Mo /s  UHSII,SANDISK,16,
altosight_094,Sandisk Carte mÃ©moire microSDHC - 4 Go,SANDISK,4,
altosight_095,Sony Carte mÃ©moire SDHC 16 Go Class4,SONY,16,
altosight_096,Sony Carte mÃ©moire SDHC UHS-I 8 Go Class6,SONY,8,
altosight_097,Lexar JumpDrive S25  Memoria USB 3.0 16 GB verde en Fnac.es,LEXAR,16,11.99
altosight_098,Lexar JumpDrive S25  Memoria USB 3.0  32 GB en Fnac.es,LEXAR,32,18.99
altosight_099,Lexar JumpDrive S25  Memoria USB 3.0  64 GB violeta en Fnac.es,LEXAR,64,34.99
altosight_100,Lexar JumpDrive V30 - unidad flash USB - 16 GB en Fnac.es,LEXAR,16,
altosight_101,Lexar JumpDrive V30 - unidad flash USB - 32 GB en Fnac.es,LEXAR,32,14.99
altosight_102,Lexar JumpDrive V30 - unidad flash USB - 8 GB en Fnac.es,LEXAR,8,6.29
altosight_103,Memoria USB Lexar Jumpdrive C20c 128 GB en Fnac.es,LEXAR,128,79.99
altosight_104,Memoria USB Lexar JumpDrive S70 16GB Pendrive en Fnac.es,LEXAR,16,
altosight_105,Memoria USB SanDisk Extreme USB 3.0 Flash Drive 16 GB Pendrive en Fnac.es,SANDISK,16,
altosight_106,Memoria USB Sony Micro Vault Style 4 GB color blanco Pendrive en Fnac.es,SONY,4,
altosight_107,Memoria USB Sony Micro Vault Style 4 GB color rosa Pendrive en Fnac.es,SONY,4,
altosight_108,Memoria USB Toshiba Transmemory U202 USB 2.0 128GB en Fnac.es,TOSHIBA,128,39.99
altosight_109,SanDisk MicroSDHC+SD adapter 4GB SDSDQM-004G-B35A en Fnac.es,SANDISK,4,
altosight_110,Sandisk - 16gb Extreme en Fnac.es,SANDISK,16,
altosight_111,Sony Unidad Flash USB alta velocidad (32 GB) USM32GQX - Pendrive / Memoria USB en Fnac.es,SONY,32,
altosight_112,Sony Unidad Flash USB alta velocidad (8 GB) USM8GQX - Pendrive / Memoria USB en Fnac.es,SONY,8,
altosight_113,Lexar 16GB JumpDrive S70 - Pendrive / Memoria USB en Fnac.es,LEXAR,16,
altosight_114,Lexar JumpDrive P20 32GB - Pendrive / Memoria USB en Fnac.es,LEXAR,32,
altosight_115,Lexar JumpDrive P20 128GB - Pendrive / Memoria USB en Fnac.es,LEXAR,128,
altosight_116,Toshiba USB 3.0 128GB - Pendrive / Memoria USB en Fnac.es,TOSHIBA,128,
altosight_117,Pendrive Kingston 64gb g4 Memoria usb 3.0 64 gb Original pen Drive Nuevo Calidad en Fnac.es,Kingston,64,
altosight_118,"Toshiba - U201 64gb USB 2.0 Verde, Color Blanco Unidad Flash USB en Fnac.es",TOSHIBA,64,
altosight_119,"Sandisk Cruzer Glide 256 GB 256GB USB 2.0 Negro, Rojo unidad flash USB en Fnac.es",SANDISK,256,
altosight_120,Intenso 3534490 - Memoria USB Llave USB en Fnac.es,Intenso,64,
altosight_121,Tarjeta microSDHC SanDisk Extreme Pro UHS-1 16GB en Fnac.es,SANDISK,16,15.59
altosight_122,Memoria SDHC Sony 8GB Class 10 / UHS I,SONY,8,9.99
altosight_123,Memoria Transcend SDXC 64GB Clase 10 UHS-II U3 Ultimate,Transcend,64,127.99
altosight_124,Tarjeta microSDXC Samsung clase 10 128GB PRO con adaptador,Samsung,128,99.99
altosight_125,Sandisk MicroSDHC 16 Gb EXTREME PRO | microSD | Memorie | Foto De Angelis,SANDISK,16,29.0
altosight_126,Sandisk MicroSDHC 4 Gb | microSD | Memorie | Foto De Angelis,SANDISK,4,6.0
altosight_127,Lexar SDHC 8 Gb 300X Classe 10 | SD (secure digital) | Memorie | Foto De Angelis,LEXAR,8,12.0
altosight_128,Sandisk SDHC 16 Gb EXTREME PRO 1867x | SD (secure digital) | Memorie | Foto De Angelis,SANDISK,16,79.0
altosight_129,Sandisk SDHC 32 Gb Extreme Pro 1867x | SD (secure digital) | Memorie | Foto De Angelis,SANDISK,16,81.9
altosight_130,Sandisk SDHC 8 Gb EXTREME PRO | SD (secure digital) | Memorie | Foto De Angelis,SANDISK,8,25.5
altosight_131,Sandisk SDHC 8 Gb | SD (secure digital) | Memorie | Foto De Angelis,SANDISK,8,7.3
altosight_132,"KINGSTON Ultimate SDHC 16GB, UHS-I/Class 10 (SDA10/16GB)",Kingston,16,17.99
altosight_133,INTENSO 3502450 Rainbow Line USB-Stick 4 GB,Intenso,4,5.49
altosight_134,INTENSO 3503470 Basic Line 16 GB USB-Stick 16 GB,Intenso,16,7.99
altosight_135,INTENSO 3534460 Premium Line USB-Stick 8 GB,Intenso,8,8.99
altosight_136,INTENSO 3534490 Premium Line USB-Stick 64 GB,Intenso,64,24.99
altosight_137,INTENSO Premium Line USB-Stick,Intenso,64,29.99
altosight_138,INTENSO Premium Line USB-Stick,Intenso,8,8.99
altosight_139,INTENSO Rainbow Line USB-Stick,Intenso,4,6.49
altosight_140,LEXAR LJDS25-32GABEU S25 USB-Stick 32 GB,LEXAR,32,12.99
altosight_141,"PNY Attache 4 2.0 USB-Stick, Schwarz, 128 GB GÃ¼nstig und gut Stock 128 GB Preis\\u002FLeistung top GÃ¼nstiger Stick USb 128 GB Preis-Leistung ist nicht zu topen USB 128 GB neu DVD und Blu Ray Disc und Computer und Apple Computer und USB Guter Preis \\u002F mÃ¤Ãige Leistung Guter USB Stick fÃ¼r wenig Geld Handliche Datensicherung {{product}} Technische Daten Technische Daten Produktbeschreibung Produktdatenblatt Produktbewertungen Bewerten Sie dieses Produkt Titel Titel Vielen Dank ZubehÃ¶r Lieferung Abholung",PNY,128,17.99
altosight_142,"SONY SF8U, SD Full Size SD Speicherkarte, 8 GB, 90 MB/s",SONY,8,8.99
altosight_143,"SONY SRG1UXA, Micro-SDXC Speicherkarte, 128 GB, 95 MB/s",SONY,128,179.99
altosight_144,"TOSHIBA Exceria Pro N401 , 32 GB",TOSHIBA,32,35.99
altosight_145,SANDISK Dual Drive USB 3.0/Type-C pendrive 16GB (173336) (SDDDC2-016G-G46),SANDISK,16,6689.0
altosight_146,SANDISK Dual Drive USB 3.0/Type-C pendrive 64GB (173338) (SDDDC2-064G-G46),SANDISK,64,14589.0
altosight_147,SONY 128GB USB 3.0 pendrive USM128GQX,SONY,128,49999.0
altosight_148,SONY 32GB pendrive USM32GR,SONY,32,8999.0
altosight_149,SONY 32GB USB 3.0 pendrive USM32GQX,SONY,32,19989.0
altosight_150,SONY USM16CA1 Pendrive 16 GB,SONY,16,10989.0
altosight_151,LEXAR JumpDrive C20c 128 GB,LEXAR,128,89.99
altosight_152,LEXAR Jumpdrive C20m 128GB,LEXAR,128,59.99
altosight_153,LEXAR Jumpdrive C20m 32GB,LEXAR,32,28.99
altosight_154,LEXAR JumpDrive S25 64GB,LEXAR,64,34.99
altosight_155,SANDISK Cruzer Glide 32 GB,SANDISK,32,19.99
altosight_156,SANDISK Ultra USB Type-C 64 GB,SANDISK,64,38.99
altosight_157,CARTE SDHC SANDISK EXTREME PRO 8GO 633X,SANDISK,8,25.2
altosight_158,CARTE SDXC SANDISK EXT+ 128GO UHS 1 CLASSE 10,SANDISK,128,80.4
altosight_159,CLE USB SANDISK 16GO USB3,SANDISK,16,30.0
altosight_160,CARTE MICRO SDHC SANDISK EXTREME PRO 16GO 633X,SANDISK,16,32.4
altosight_161,CARTE XQD LEXAR 32GO 1400X,LEXAR,32,78.0
altosight_162,"INTENSO 3503470 Basic Line 16 GB, USB-Stick, USB 2.0, 16 GB",Intenso,16,7.99
altosight_163,"INTENSO Premium Line, USB-Stick, USB 3.0, 8 GB",Intenso,8,8.99
altosight_164,"PNY Attache 4 2.0, 128 GB",PNY,128,49.49
altosight_165,"SANDISK Cruzer&reg; Glide&trade; USB Flash-Laufwerk, 256 GB",SANDISK,256,79.99
altosight_166,"SONY SF16N4 SD Speicherkarte, 16 GB, 15 Mbit/s, Class 4",SONY,16,12.99
altosight_167,"TOSHIBA TransMemory U202, 128 GB",TOSHIBA,128,28.99
altosight_168,Lexar 8GB 300x Premium II SDHC Card,LEXAR,8,10.0
altosight_169,Sony 16GB SDHC Class 4,SONY,16,29.0
altosight_170,Lexar 8GB 300x Premium II SDHC Card,LEXAR,8,11.99
altosight_171,Lexar XQD 32GB X1400 PROFESSIONAL XQD  - XQD - Karty pami?ci - No?niki pami?ci - Produkty,LEXAR,32,239.0
altosight_172,"Samsung Galaxy A10 Dual SIM - 32GB, 2GB RAM, 4G LTE, Black",Samsung,,1999.0
altosight_173,"Samsung Galaxy A10 Dual SIM - 32GB, 2GB RAM, 4G LTE, Blue",Samsung,,1999.0
altosight_174,"Samsung Galaxy A10 Dual SIM - 32GB, 2GB RAM, 4G LTE, Red",Samsung,,1975.0
altosight_175,"Samsung Galaxy A20 Dual SIM - 32GB, 3GB RAM, 4G LTE, Black",Samsung,,2555.0
altosight_176,"Samsung Galaxy A30 Dual SIM - 64GB, 4GB RAM, 4G LTE, Black",Samsung,,3400.0
altosight_177,"Samsung Galaxy A50 Dual Sim, 128 GB, 4G LTE, White",Samsung,,4530.0
altosight_178,"Samsung Galaxy A7 2018 Dual SIM - 128GB, 4GB RAM, 4G LTE, Gold",Samsung,,4950.0
altosight_179,"Samsung Galaxy J4 Core Dual Sim - 16GB, 1GB RAM, 4G LTE, Black",Samsung,,1899.0
altosight_180,"Samsung Galaxy J6 Plus Dual Sim - 32GB, 4G LTE, Black",Samsung,,2875.0
altosight_181,"Samsung Galaxy Note 9 Dual SIM - 512GB, 8GB RAM, 4G LTE, Midnight Black",Samsung,,16666.0
altosight_182,"Samsung Galaxy S10 Dual Sim - 128GB, 8GB, 4G LTE, Prism Black",Samsung,,13499.0
altosight_183,"Samsung Galaxy S10 Dual Sim - 128GB, 8GB, 4G LTE, Prism White",Samsung,,12999.0
altosight_184,"Samsung Grand Prime Plus Dual Sim - 8GB, 1.5GB RAM, 4G LTE, Silver",Samsung,,2399.0
altosight_185,Sandisk Ultra USB 3.0 Fit 128GB USB Stick,SANDISK,128,69.0
altosight_186,Karta pami?ci SAMSUNG 128GB microSDXC Pro+ MB,Samsung,128,399.0
altosight_187,Karta pami?ci SAMSUNG 128GB microSDXC Pro MB,Samsung,128,369.0
altosight_188,"Karta SANDISK microSDHC 16GB Extreme Pro 95 MB/s, Karty pami?ci",SANDISK,16,159.0
altosight_189,"Karta SANDISK SDHC 8GB, Karty pami?ci",SANDISK,8,19.99
altosight_190,"Karta SONY SF16N4, Karty pami?ci",SONY,16,39.99
altosight_191,Karta TOSHIBA microSDHC 32GB UHS,TOSHIBA,32,119.0
altosight_192,Karta TOSHIBA SDXC 128GB Exceria N302  UHS,TOSHIBA,128,219.0
altosight_193,"Pami?? SANDISK EXTREME 16GB, Pami?ci przeno?ne",SANDISK,16,85.0
altosight_194,Pami?? USB KINGSTON DataTraveler G4 64 GB Bia?o,Kingston,64,129.0
altosight_195,"TOSHIBA TransMemory U202, 128 GB, weiss",TOSHIBA,128,54.95
altosight_196,Intenso Rainbow Line - USB-Stick - 4 GB - Blau,Intenso,4,7.95
altosight_197,"TOSHIBA EXCERIA PRO M401, 16 GB",TOSHIBA,16,17.95
altosight_198,"TOSHIBA EXCERIA PRO N401, 128 GB",TOSHIBA,128,79.95
altosight_199,"Toshiba SDHC EXCERIA PRO 32Go, silber",TOSHIBA,32,24.4
altosight_200,"TOSHIBA EXCERIA PRO N101, 64 GB",TOSHIBA,64,154.95
altosight_201,"Toshiba SDHC EXCERIA PRO 64GB, silber",TOSHIBA,64,54.95
altosight_202,"KINGSTON HXS3, 512GB, 3.1 - Mediamarkt.es",Kingston,512,296.0
altosight_203,PNY AttachÃ© 4 8GB USB 2.0 Tipo A Negro unidad flash USB,PNY,8,6.99
altosight_204,Lexar JumpDrive C20c 128GB 128GB USB 3.0 (3.1 Gen 1) Conector USB Tipo,LEXAR,128,63.99
altosight_205,Kingston Ultimate - Tarjeta de memoria flash - 16 GB - UHS Class 1 / Class10 - 300x - SDHC - Mediamarkt.es,Kingston,16,
altosight_206,Lexar JumpDrive C20m 128GB 128GB USB 3.0 (3.1 Gen 1) Type-A Negro,LEXAR,128,
altosight_207,Lexar JumpDrive C20m 32GB 32GB USB 3.0 (3.1 Gen 1) Type-A/Type-C Negro,LEXAR,32,
altosight_208,"Lexar JumpDrive S25 64GB 64GB USB 3.0 PÃºrpura, Color blanco unidad fl",LEXAR,64,
altosight_209,"Pendrive 128GB Toshiba TransMemory White, USB 2.0, blanco",TOSHIBA,128,
altosight_210,"Pendrive de 16 GB - Lexar JumpDrive V30 LJDV30-16GABEU, USB 2.0",LEXAR,16,
altosight_211,"Pendrive 16GB Sony USM16CA1, USB 3.0, Micro-USB, Plateado",SONY,16,
altosight_212,"Pendrive 32GB Toshiba TransMemory White, USB 2.0, blanco",TOSHIBA,8,
altosight_213,"Pendrive 8GB azul Toshiba TransMemory Aqua, USB 2.0 (Mod.THNU08HAYAQA(",TOSHIBA,8,
altosight_214,"Pendrive 8GB Toshiba TransMemory U202 White, USB 2.0, blanco (Mod.Refe",TOSHIBA,8,
altosight_215,"Pendrive de 16GB - Lexar JumpDriveÂ® S25 , USB 3.0, 130MB/s, blanco y a",LEXAR,16,10.0
altosight_216,"Pendrive de 32GB Lexar JumpDriveÂ® S25, USB 3.0, 130MB/s (Mod.Referenci",LEXAR,32,
altosight_217,"Pendrive de 32 GB - Lexar JumpDrive V30 LJDV30-32GABEU, USB 2.0",LEXAR,32,
altosight_218,"Tarjeta micro SD de Sandisk Extreme Pro UHS-I , 16 GB",SANDISK,16,
altosight_219,"Tarjeta SDHC - Lexar 300X 8GB, clase 10",LEXAR,8,
altosight_220,Tarjeta SDHC Sandisk 8GB,SANDISK,8,
altosight_221,"Tarjeta SDXC - Toshiba Exceria UHS-I, 64GB",TOSHIBA,64,
altosight_222,Transcend TS64GSD2U3 | Card SD Secure Digital | Storage media | Re ... - New,Transcend,64,99.41
altosight_223,"Sony Micro Vault MACH USM32GQX Drive,Sony,USM32GQX/B",SONY,32,38.3
altosight_224,Kingston SD4/4GB Memory 4GB SDHC Class 4 Flash Card,Kingston,4,
altosight_225,"SanDisk Standard SDHC 8 GB Memory Card (Label May Change),SanDisk,SDSDB-008G-B35,B009HQG4G2,Computer_Components,Drives and Mass Storage,SD HC,SDHC,8Gb,8 Gig,Memory,Memory,Card,SanDisk,ScanDisk,SDSDB,SDSDB8192,8192,SDSDB8192E,8192E,E,SDSDB8192E11,8192E11,E11,Secure Digital,SecureDigital,SD,",SANDISK,8,
altosight_226,Kingston DataTraveler 101 G2 16 GB USB 2.0 Flash Drive - Black,Kingston,16,7.91
altosight_227,Kingston DataTraveler 101 G2 32 GB USB 2.0 Flash Drive - Purple,Kingston,32,
altosight_228,"Basic Line 16GB,Intenso,3502470",Intenso,16,6.77
altosight_229,"Sony 8GB SDHC Secure Digital Flash Memory Card - PERFORMANCE Series Class 10 UHS-1 (Read 90MB/s) - SF8U,Sony,CAN985",SONY,8,14.4
altosight_230,Lexar Professional JumpDrive S70 16GB USB 2.0 Retractable Design Flash Drive Memory Stick - Grey,LEXAR,16,12.99
altosight_231,Lexar Professional JumpDrive S70 16GB USB 2.0 Retractable Design Flash Drive Memory Stick - Grey (Pack of Two),LEXAR,16,23.99
altosight_232,Sandisk 8 Gb Secure Digital High Capacity (sdhc) - Class 4,SANDISK,8,15.18
altosight_233,Kingston Technology SDA10/16GB 16GB UHS-I Ultimate Flash Card,Kingston,16,9.95
altosight_234,SanDisk SDSDXS-128G-X46 Extreme Plus 128 GB 80 MB/s UHS-I Class 10 SDHC Memory Card,SANDISK,128,135.88
altosight_235,"Kingston Technology DT101G2/32GB DataTraveler 101 G2 32 GB USB Flash Drive, Purple",Kingston,32,17.39
altosight_236,Lexar JumpDrive S25 32GB USB 3.0 Flash Drive LJDS25-32GABEU (Green),LEXAR,32,15.07
altosight_237,"Lexar P20 32GB USB 3.0 JumpDrive - LJDP20-32GCRBEU,LEXAR MEDIA INC,LJDP20-32GCRBEU",LEXAR,32,27.81
altosight_238,Lexar V30 32GB JumpDrive USB 2.0 Flash Drive Memory Stick - Green,LEXAR,32,8.99
altosight_239,Lexar V30 16GB JumpDrive USB 2.0 Flash Drive Memory Stick - Teal,LEXAR,16,5.99
altosight_240,Lexar Platinum II 300x 8GB SDHC U1 Memory Card - LSD8GBBBEU300,LEXAR,8,7.95
altosight_241,Toshiba Exceria Pro N101 32GB SD Memory Card 260 MB/s - THN-N101K0320E6,TOSHIBA,32,62.84
altosight_242,Toshiba Exceria Pro N101 64GB SD Memory Card 260 MB/s 4K HD - THN-N101K0640E6,TOSHIBA,64,137.66
altosight_243,Toshiba EXCERIA SDHC 32 GB UHS-I (U3 - up to 95MB/s read) Flash Memory Card,TOSHIBA,32,29.49
altosight_244,"Toshiba 64GB Exceria MicroSD - memory cards (MicroSDXC, Black, UHS-I, microSD, Water resistant, X-ray-proof, Jewel case)",TOSHIBA,64,40.5
altosight_245,Kingston - Flash memory card - 128 GB - UHS Class 3 / Class10 - SDXC UHS-I,Kingston,128,54.41
altosight_246,Lexar 32 GB 1400X Professional XQD CompactFlash Card,LEXAR,32,
altosight_247,"Lexar JumpDrive C20m 32GB micro-USB Flash Drive,LEXJ4,LJDC20m-32GBBEU",LEXAR,32,18.41
altosight_248,"Lexar JumpDrive C20m 128 GB micro-USB Flash Drive,LEXJ4,LJDC20m-128BBEU",LEXAR,128,39.68
altosight_249,Toshiba TransMemory U202 8GB USB Flash Drive USB 2.0 - White - THN-U202W0080E4,TOSHIBA,8,
altosight_250,Transcend 64 GB Ultimate SDXC UHS-II U3 Memory Card,Transcend,64,77.86
altosight_251,"Sandisk 8GB Ultra SDHC Memory Card, Class 10, Read speed up to 80 MB/s + SD Adapter 32 gb",SANDISK,32,30.47
altosight_252,"Sandisk 8GB Ultra SDHC Memory Card, Class 10, Read speed up to 80 MB/s + SD Adapter 64 gb",SANDISK,64,36.7
altosight_253,"Sandisk 8GB Ultra SDHC Memory Card, Class 10, Read speed up to 80 MB/s + SD Adapter 128 GB",SANDISK,128,66.41
altosight_254,Toshiba Exceria Pro N101 128GB SD Memory Card 260 MB/s 4K - THN-N101K1280E6,TOSHIBA,128,148.97
altosight_255,Kingston 8 GB UHS Class 1/Class10 microSDHC UHS-I Flash Memory Card,Kingston,8,
altosight_256,Toshiba TransMemory U202 128GB USB Flash Drive USB 2.0 - White - THN-U202W1280E4,TOSHIBA,128,
altosight_257,Sandisk SDSDUNC-016G SDHC Ultra Plus UHS-I class_10,SANDISK,16,13.18
altosight_258,SanDisk 4GB Micro SD Class 4 Memory Card,SANDISK,4,
altosight_259,"SanDisk Cruzer Glide CZ600 32GB SDCZ600-032GB USB 3.0 Jump Drive Pen Drive Flash Drive,SanDisk,FBA_SDCZ600-032G-G35",SANDISK,32,13.97
altosight_260,HyperX 512 GB Savage USB 2.0/3.0/3.1 Flash Drive,Kingston,512,206.09
altosight_261,Toshiba THN-M401S0160E2 16 GB EXCERIA PRO M401 MicroSD Card,TOSHIBA,16,13.01
altosight_262,"SanDisk Cruzer Glide 256 GB USB 2.0 Flash Drive,SanDisk,SDCZ60-256G-B35",SANDISK,256,81.99
altosight_263,Toshiba Exceria Pro N401 128GB SD Memory Card 95 MB/s 4K - THN-N401S1280E4,TOSHIBA,128,65.08
altosight_264,"Kingston SDCIT/8GB microSDHC 8 GB UHS-I Class 10 Industrial Temperature Card + SD Adapter, Black",Kingston,8,9.67
altosight_265,"FLASH DRIVE, CRUZER EXTREME USB3.0 16GB",SANDISK,16,
altosight_266,Toshiba Exceria Pro N401 32GB SD Memory Card 95 MB/s 4K HD - THN-N401S0320E4,TOSHIBA,32,21.99
altosight_267,Toshiba Exceria Pro N401 64GB SD Memory Card 95 MB/s 4K HD - THN-N401S0640E4,TOSHIBA,64,41.47
altosight_268,Toshiba Exceria N302 128GB SD Memory Card 90 MB/s 4K HD - THN-N302R1280E4,TOSHIBA,128,39.99
altosight_269,PNY P-FD32GOTGSLMB-GE 3.0 32 GB Duo-Link OTG Micro USB Flash Drive,PNY,32,10.99
altosight_270,PNY FD128ATT4-EF Attache 128 GB USB 2.0 Flash Drive,PNY,128,16.99
altosight_271,SANDISK SDCZ60-256G-A46 256GB Cruzer Glide(TM) USB Flash Drive,SANDISK,256,
altosight_272,Intenso 3502450 4GB Rainbow USB 2.0 Flash Drive - Transparent Blue,Intenso,4,8.28
altosight_273,Intenso Basic Line 3503470 16GB USB 2.0 Flash Drive,Intenso,16,8.03
altosight_274,Kingston DataTraveler 101 G2 16 GB USB 2.0 Flash Drive - Black,Kingston,16,6.35
altosight_275,Lexar JumpDrive S25 32GB USB 3.0 Flash Drive LJDS25-32GABEU (Green),LEXAR,32,15.99
altosight_276,Lexar V30 32GB JumpDrive USB 2.0 Flash Drive Memory Stick - Green,LEXAR,32,8.99
altosight_277,Lexar JumpDrive S25 64GB USB 3.0 Flash Drive LJDS25-64GABEU (Purple),LEXAR,64,37.99
altosight_278,Lexar JumpDrive C20m 32GB micro-USB Flash Drive,LEXAR,32,19.28
altosight_279,Lexar JumpDrive C20m 128 GB micro-USB Flash Drive,LEXAR,128,43.75
altosight_280,Lexar JumpDrive C20c 128 GB USB Type-C Flash Drive,LEXAR,128,50.23
altosight_281,Lexar P20 32GB USB 3.0 JumpDrive - LJDP20-32GCRBEU,LEXAR,32,30.86
altosight_282,SanDisk Cruzer Glide 256 GB USB 2.0 Flash Drive,SANDISK,256,82.99
altosight_283,Sandisk SDCZ880-256G-G46 Cruzer Extreme Drive,SANDISK,256,178.17
altosight_284,Sony Micro Vault MACH USM32GQX Drive,SONY,32,29.04
altosight_285,Sony USM128GQX 128 GB RAM USB Flash Drive,SONY,128,113.31
altosight_286,Toshiba Exceria Pro N101 128GB SD Memory Card 260 MB/s 4K - THN-N101K1280E6,TOSHIBA,128,148.97
altosight_287,Toshiba Exceria Pro N101 32GB SD Memory Card 260 MB/s - THN-N101K0320E6,TOSHIBA,32,59.56
altosight_288,Toshiba Exceria Pro N101 64GB SD Memory Card 260 MB/s 4K HD - THN-N101K0640E6,TOSHIBA,64,209.99
altosight_289,Toshiba Exceria N302 128GB SD Memory Card 90 MB/s 4K HD - THN-N302R1280E4,TOSHIBA,128,39.99
altosight_290,Toshiba Exceria Pro N401 128GB SD Memory Card 95 MB/s 4K - THN-N401S1280E4,TOSHIBA,128,52.99
altosight_291,Toshiba Exceria Pro N401 32GB SD Memory Card 95 MB/s 4K HD - THN-N401S0320E4,TOSHIBA,32,24.99
altosight_292,Toshiba Exceria Pro N401 64GB SD Memory Card 95 MB/s 4K HD - THN-N401S0640E4,TOSHIBA,64,40.92
altosight_293,Toshiba EXCERIA SDHC 32 GB UHS-I (U3 - up to 95MB/s read) Flash Memory Card: Toshiba,TOSHIBA,32,29.42
altosight_294,Toshiba TransMemory?EX II 128 GB USB 3.0 (up to 220MB/s read) Flash Drive,TOSHIBA,128,85.67
altosight_295,Intenso Rainbow Line 4 GB USB-Stick USB 2.0 blau,Intenso,4,5.49
altosight_296,SanDisk Micro SDHC 4GB Class 4 Speicherkarte,SANDISK,4,
altosight_297,SanDisk microSDHC 4GB Class 4 Speicherkarte (inkl. microSD zu SD Adapter),SANDISK,4,
altosight_298,Sony SF16N4 Class 4 Standard 16GB SDHC-Speicherkarte,SONY,16,
altosight_299,Kingston DataTraveler 101 Gen 2 16GB USB Drive - Black,Kingston,16,
altosight_300,Kingston DataTraveler DT101G2 32GB USB-Stick USB 2.0 lila,Kingston,32,
altosight_301,Sony Micro Vault Midi 32GB Speicherstick USB 2.0,SONY,32,24.73
altosight_302,Intenso Basic Line 16 GB USB-Stick USB 2.0 silber-schwarz,Intenso,16,
altosight_303,Sony SF8U Class-10 8GB SDHC Speicherkarte mit UHS Interface,SONY,8,14.88
altosight_304,Kingston SDA10/16GB UHS-I SDHC/SDXC SD-Karte Klasse 10 Speicherkarte,Kingston,16,17.05
altosight_305,"Kingston DataTraveler DT101G2 32 GB USB-Stick USB 2.0 lila [Amazon Frustfreie Verpackung],Kingston,DT101G2/32GB",Kingston,32,23.25
altosight_306,SanDisk Extreme 16 GB USB-Flash-Laufwerk USB 3.0 bis zu 245 MB/Sek,SANDISK,16,
altosight_307,Toshiba Exceria Pro SDHC 32GB (bis zu 260MB/s lesen) Speicherkarte schwarz,TOSHIBA,32,86.89
altosight_308,Intenso Premium Line 8GB Speicherstick USB 3.0 silber,Intenso,8,8.99
altosight_309,"Toshiba 64GB microSDHC 64GB MicroSD UHS-I Class 10 Speicherkarte - Speicherkarten (MicroSD, UHS-I, Class 10, IPX7, Schwarz, Wasserfest, RÃ¶ntgenstrahlenbestÃ¤ndig)",TOSHIBA,64,46.87
altosight_310,Toshiba Exceria SDHC 64GB (bis zu 95MB/s lesen) Speicherkarte schwarz,TOSHIBA,64,48.29
altosight_311,Kingston DataTraveler DTSE9G2 8GB Speicherstick USB 3.0 silber,Kingston,8,
altosight_312,Lexar P20 128GB USB 3.0 JumpDrive - LJDP20-128CRBEU,LEXAR,128,82.08
altosight_313,Lexar JumpDrive S25 64GB USB 3.0 Flash Drive LJDS25-64GABEU (Lila),LEXAR,64,21.1
altosight_314,"Lexar P20 32GB USB 3.0 JumpDrive - LJDP20-32GCRBEU,LEXAR MEDIA INC,LJDP20-32GCRBEU",LEXAR,32,42.55
altosight_315,PNY AttachÃ© 4 USB-2.0-Stick 8GB schwarz,PNY,8,6.99
altosight_316,Lexar Platinum II 300x 8GB SDHC U1 Speicherkarte - LSD8GBBBEU300,LEXAR,8,7.99
altosight_317,Toshiba THN-N101K0320E6 32GB Exceria Pro N101 SD Karte,TOSHIBA,32,74.99
altosight_318,Toshiba THN-N101K0640E6 64GB Exceria Pro N101 SD Karte,TOSHIBA,64,148.45
altosight_319,Toshiba Exceria Micro SDHC 32GB Class 10 (bis zu 95MB/s lesen) Speicherkarte schwarz,TOSHIBA,32,35.73
altosight_320,Kingston SDA3/128GB SDHC/SDXC 128GB Ultra High-Speed Class 3 Speicherkarte,Kingston,128,61.89
altosight_321,Lexar LJDC20m-32GBBEUK JumpDrive C20m micro-USB-Flash-Laufwerk 32GB,LEXAR,32,24.88
altosight_322,Lexar LJDC20m-128BBEUK JumpDrive C20m micro-USB-Flash-Laufwerk 128GB,LEXAR,128,53.61
altosight_323,Lexar LJDC20c-128BBEUK JumpDrive C20c USB Type-C-Flash-Laufwerk 128GB,LEXAR,128,65.52
altosight_324,Toshiba TransMemory U202 8GB USB stick USB 2.0 aqua,TOSHIBA,8,
altosight_325,"Transcend SDXC/SDHC UHS-II U3 EXTREME 64GB Speicherkarte (285 MB/s Lesen, 180MB/s Schreiben)",Transcend,64,102.4
altosight_326,Toshiba THN-N101K1280E6 128GB Exceria Pro N101 SD Karte,TOSHIBA,128,
altosight_327,"HyperX Savage HXS3/512 GB USB-Stick USB 3.0 schwarz/rot bis zu 350MB/Sek R, 250MB/Sek W",Kingston,512,222.47
altosight_328,Toshiba THN-M401S0160E2 EXCERIA PRO M401 Flash-Speicher 16GB,TOSHIBA,16,18.78
altosight_329,SanDisk Cruzer Glide 256 GB USB-Flash-Laufwerk USB 2.0,SANDISK,256,87.92
altosight_330,Samsung Pro Micro SDXC 128GB Class 10 Speicherkarte,Samsung,128,
altosight_331,Kingston microSD Action Camera UHS-I U3 SDCAC 16GB Speicherkarte mit Adapter,Kingston,16,14.59
altosight_332,Toshiba Exceria Pro N401 SDXC 128GB UHS-I U3 Speicherkarte (bis zu 95MB/Sek. lesen),TOSHIBA,128,70.61
altosight_333,Kingston Industrial Temperature Micro SDHC UHS-I 8GB Class 10 Speicherkarte + SD-adapter,Kingston,8,14.98
altosight_334,"Toshiba Exceria Pro N401 SDHC 32GB UHS-I U3 Speicherkarte (bis zu 95MB/Sek. lesen),Toshiba,THN-N401S0320E4",TOSHIBA,32,
altosight_335,"Toshiba Exceria Pro N401 SDXC 64GB UHS-I U3 Speicherkarte (bis zu 95MB/Sek. lesen),Toshiba,THN-N401S0640E4",TOSHIBA,64,
altosight_336,Toshiba Exceria Pro N302 SDXC 128GB UHS-I U3 Speicherkarte (bis zu 90MB/Sek. lesen),TOSHIBA,128,53.93
altosight_337,Toshiba THN-M302R1280EA - EXCERIA M302-EA - Flash memory card (microSDXC to SD adapter included) - 128 GB - UHS Class 3 / Class10 - microSDXC UHS-I,TOSHIBA,128,
altosight_338,SanDisk SDCZ60â256 g-a46 256 GB Cruzer Glide (TM) USB Flash Drive,SANDISK,256,
altosight_339,"Intenso Rainbow Line - Memoria USB2.0 de 4 GB, color negro",Intenso,4,5.98
altosight_340,SanDisk 8 GB tarjeta de memoria flash SDHC de clase 2 sdsdb-8192-a11: Amazon.es: InformÃ¡tica,SANDISK,8,20.62
altosight_341,"Intenso Speed Line - Memoria USB de 8 GB (USB 3.0, 60 MB/s, con tapa), negro,Intenso,3530460",Intenso,8,
altosight_342,"Sony Micro Vault R-Series - Memoria USB de 32 GB, negro",SONY,32,20.91
altosight_343,"Intenso Basic Line 3503470 - Memoria USB 2.0 (16 GB), color negro y plateado",Intenso,16,7.96
altosight_344,"Sony SF8U - Tarjeta de Memoria SDHC de 8 GB (Clase 4, 40 MB/s, UHS-I),Sony,CAN985",SONY,8,12.38
altosight_345,"Kingston DataTraveler 101 GeneraciÃ³n 2 (G2) - Memoria USB de 32 GB, morado, paquete abrefÃ¡cil: Amazon.es: InformÃ¡tica",Kingston,32,25.08
altosight_346,Toshiba SD-XPRO32UHS2 - Tarjeta de memoria de 32 GB,TOSHIBA,32,112.91
altosight_347,"Intenso 3534460 - Memoria USB de 8GB,Intenso,3534460",Intenso,8,9.62
altosight_348,Kingston SDA10/256GB - Tarjeta SD profesional de 256 GB (UHS-I SDHC/SDXC clase 10),Kingston,256,79.04
altosight_349,"Toshiba SD-X64UHS1(6 - Tarjeta de memoria SDXC, UHS de 64 GB, Clase 3",TOSHIBA,64,51.81
altosight_350,"Kingston DataTraveler SE9 G2 - Memoria 8GB USB 3.0, plateado",Kingston,8,
altosight_351,Lexar P20 128GB USB 3.0 JumpDrive - LJDP20-128CRBEU,LEXAR,128,93.47
altosight_352,Lexar JumpDrive S25 32GB USB 3.0 Flash Drive LJDS25-32GABEU (Verde),LEXAR,32,
altosight_353,Lexar P20 32GB USB 3.0 JumpDrive - LJDP20-32GCRBEU,LEXAR,32,
altosight_354,Lexar JumpDrive S25 16GB USB 3.0 Flash Drive LJDS25-16GABEU (Teal),LEXAR,16,11.73
altosight_355,"PNY FD8GBATT4-EF - Memoria USB 2.0 de 8 GB, color negro",PNY,8,11.86
altosight_356,"Lexar JumpDrive V30 - Memoria USB 2.0 de 16 GB, azul",LEXAR,16,6.99
altosight_357,"Lexar LSD8GBBBEU300 - Tarjeta de memoria SD Premium de 8 GB (con hasta 45 MB/s, Clase 10, velocidad de 300x)",LEXAR,8,11.9
altosight_358,"Toshiba 32 GB Exceria PRO 32GB SDHC UHS Clase 3 memoria flash - Tarjeta de memoria (32 GB, SDHC, Clase 3, 260 MB/s, 240 MB/s, UHS)",TOSHIBA,32,76.67
altosight_359,"Toshiba 64GB Exceria PRO 64GB SDHC UHS Clase 3 memoria flash - Tarjeta de memoria (64 GB, SDHC, Clase 3, 260 MB/s, 240 MB/s, UHS)",TOSHIBA,64,147.9
altosight_360,"Kingston SDA3/128GB - Tarjeta de memoria SDHC/SDXC UHS-I U3, 128 GB velocidades 90R/80W",Kingston,128,64.45
altosight_361,Lexar LXQD32GCRBEU1400 - Tarjeta de memoria de 32 GB,LEXAR,32,
altosight_362,"Transcend 64GB SDXC UHS-II U3 64GB SDXC UHS-II Clase 10 memoria flash - Tarjeta de memoria (64 GB, SDXC, Clase 10, 285 MB/s, 180 MB/s, UHS-II)",Transcend,64,101.19
altosight_363,"Toshiba 128GB SDXC 128GB SDXC UHS Clase 3 memoria flash - Tarjeta de memoria (128 GB, SDXC, Clase 3, 260 MB/s, 150 MB/s, UHS)",TOSHIBA,128,
altosight_364,Kingston SDC10G2/8GB - Tarjeta microSD de 8GB (clase 10 UHS-I 45MB/s) con adaptador SD,Kingston,8,
altosight_365,Tarjeta de memoria SDXC SanDisk Ultra Plus Clase 10 16 gb,SANDISK,16,18.59
altosight_366,"Sandisk UFM 32GB USB CRUZER GLIDE 3.0 32GB USB 3.0 (3.1 Gen 1) Conector USB Tipo A Negro, Rojo unidad flash USB - Memoria USB (32 GB, 3.0 (3.1 Gen 1), Conector USB Tipo A, Deslizar, Negro, Rojo): Amazon.es: InformÃ¡tica",SANDISK,32,17.97
altosight_367,"Toshiba THN-M401S0160E2 Exceria Pro M401 Tarjeta MicroSD de 16GB, Blanco",TOSHIBA,16,12.99
altosight_368,SanDisk Cruzer Glide - Memoria USB de 256 GB con USB 2.0,SANDISK,256,96.01
altosight_369,"Toshiba EXCERIA PRO - N401 128GB SDXC UHS-I Clase 3 memoria flash - Tarjeta de memoria (SDXC, UHS-I, Clase 3, Negro, A prueba de rayos X, ISO 7816-1)",TOSHIBA,128,67.0
altosight_370,"Kingston SDCIT/8GB - Tarjeta de memoria microSDHC de 8 GB (UHS-I, Clase 10, temperatura industrial): Kingston: Amazon.es: InformÃ¡tica",Kingston,8,14.21
altosight_371,"Toshiba EXCERIA PRO - N401 32GB SDHC UHS-I Clase 3 memoria flash - Tarjeta de memoria (SDHC, UHS-I, Clase 3, Negro, A prueba de rayos X, ISO 7816-1)",TOSHIBA,32,
altosight_372,"Sandisk,Sandisk,SanDisk Unidad flash - Memoria flash USB doble SanDisk Ultra de 64 GB con USB 3.1 Type-C,SanDisk,SDDDC2-064G-G46",SANDISK,64,31.51
altosight_373,"Toshiba EXCERIA N302 N302 SDXC 128GB 128GB SDXC UHS-I Clase 10 memoria flash - Tarjeta de memoria (128 GB, SDXC, Clase 10, 90 MB/s, UHS-I, 24 mm)",TOSHIBA,128,
altosight_374,"Sony SRG1UXA 128GB MicroSDXC UHS-I Clase 10 memoria flash - Tarjeta de memoria (128 GB, MicroSDXC, Clase 10, UHS-I, 95 MB/s, Negro): Amazon.es: InformÃ¡tica",SONY,128,175.05
altosight_375,"Sandisk Cruzer Glide 256GB USB 2.0 Tipo A Negro, Rojo unidad flash USB - Memoria USB (256 GB, USB 2.0, Tipo A, Deslizar, Negro, Rojo, 0 - 45 Â°C)",SANDISK,256,
altosight_376,"Intenso Basic Line 3503470 - Memoria USB 2.0 (16 GB), color negro y plateado",Intenso,16,7.96
altosight_377,"Kingston SDA3/128GB - Tarjeta de memoria SDHC/SDXC UHS-I U3, 128 GB velocidades 90R/80W",Kingston,16,54.05
altosight_378,"Lexar 8GB JumpDrive V10 4GB USB 2.0 Tipo A Azul unidad flash USB - Memoria USB (4 GB, USB 2.0, Tipo A, Azul, Win, Mac)",LEXAR,8,18.8
altosight_379,"Lexar JumpDrive V30 - Memoria USB 2.0 de 32 GB, verde",LEXAR,32,10.35
altosight_380,"Lexar LSD8GBBBEU300 - Tarjeta de memoria SD Premium de 8 GB (con hasta 45 MB/s, Clase 10, velocidad de 300x)",LEXAR,8,11.9
altosight_381,Lexar P20 128GB USB 3.0 JumpDrive - LJDP20-128CRBEU,LEXAR,128,108.9
altosight_382,Lexar P20 32GB USB 3.0 JumpDrive - LJDP20-32GCRBEU,LEXAR,32,37.64
altosight_383,"Sony SF8U - Tarjeta de memoria SDHC de 8 GB (Clase 4, 40 MB/s, UHS-I), color negro",SONY,8,16.5
altosight_384,"Toshiba EXCERIA N302 N302 SDXC 128GB 128GB SDXC UHS-I Clase 10 memoria flash - Tarjeta de memoria (128 GB, SDXC, Clase 10, 90 MB/s, UHS-I, 24 mm)",TOSHIBA,128,45.31
altosight_385,"Toshiba EXCERIA PRO - N401 128GB SDXC UHS-I Clase 3 memoria flash - Tarjeta de memoria (SDXC, UHS-I, Clase 3, Negro, A prueba de rayos X, ISO 7816-1)",TOSHIBA,128,66.99
altosight_386,Toshiba SD-CX32UHS1 (6 A Micro SD 32 GB MB tarjeta de memoria,TOSHIBA,32,44.51
altosight_387,"Toshiba THNV128OSUS(BL8 - Memoria USB de 128 GB, plateado",TOSHIBA,128,98.64
altosight_388,"Toshiba THNV128OSUSIL(8 - Memoria USB 3.0 de 128 GB, color plata",TOSHIBA,128,65.76
altosight_389,"Toshiba THNV32OSUSIL(8 - Memoria USB 3.0 de 32 GB, color plata",TOSHIBA,32,24.52
altosight_390,"Carte mÃ©moire SDXC SanDisk Ultra PLUS 64 Go, Classe 10",SANDISK,64,37.99
altosight_391,"Carte mÃ©moire SDXC SanDisk Ultra PLUS 64 Go, Classe 10",SANDISK,64,37.99
altosight_392,"Carte mÃ©moire SDXC SanDisk Ultra PLUS 64 Go, Classe 10",SANDISK,64,37.99
altosight_393,"Carte mÃ©moire SDXC SanDisk Ultra PLUS 64 Go, Classe 10",SANDISK,64,37.99
altosight_394,Kingston Carte SD Standard SD4/4GB SDHC Classe 4 - 4Go,Kingston,4,
altosight_395,"Sony USM32GR Noir ClÃ© USB 32Go,Sony,558J683,ClÃ© USB",SONY,32,28.79
altosight_396,Sony SF8U Carte mÃ©moire SDHC,SONY,8,12.83
altosight_397,Lexar JumpDrive S70 16Go USB 2.0 Gris - LJDS70-16GABEU,LEXAR,16,12.99
altosight_398,Kingston Carte SD Professionnelles SDA10/16GB UHS-I SDHC/SDXC Classe 10 - 16Go,Kingston,16,13.91
altosight_399,Kingston DataTraveler 101 Generation 2 (G2) ClÃ© USB 32 Go Mauve - Emballage &quot;dÃ©baller sans s'Ã©nerver&quot;,Kingston,32,21.86
altosight_400,"Sony USM32GQX Noir,Sony - Rme New MÃ©dia,USM32GQX/B",SONY,32,51.5
altosight_401,Kingston Carte SD Professionnelles SDA10/256GB UHS-I SDHC/SDXC Classe 10 - 256Go,Kingston,256,117.68
altosight_402,Toshiba SD-CX64UHS1(6 Micro Secure Digital Extended Capacity (MicroSDXC),TOSHIBA,64,51.51
altosight_403,Lexar P20 128Go USB 3.0 JumpDrive - LJDP20-128CRBEU,LEXAR,128,87.85
altosight_404,Lexar LJDS25-64GABEU JumpDrive S25 64Go USB 3.0 Flash Drive Violet,LEXAR,64,32.17
altosight_405,Lexar LJDS25-32GABEU JumpDrive S25 32Go USB 3.0 Flash Drive vert,LEXAR,32,20.29
altosight_406,Lexar P20 32Go USB 3.0 JumpDrive - LJDP20-32GCRBEU,LEXAR,32,46.02
altosight_407,Lexar LJDS25-16GABEU JumpDrive S25 16Go USB 3.0 Flash Drive Bleu sarcelle,LEXAR,16,11.9
altosight_408,"PNY ClÃ© USB 2.0 AttachÃ© 4 Standard 8 Go - Noir,PNY,FD8GBATT4-EF,clÃ© usb 8 go,clÃ© usb 8 go fantaisie,clÃ© usb 8 go originale,clÃ© usb 8 go pas cher,clÃ© usb 8 go verbatim,clÃ© usb 8 go sandisk,clÃ© usb 8 go kingston,clÃ© usb 8 go lexar,clÃ© usb 8 go emtec,clÃ© usb 8 go lÃ©go,lÃ©go,clef usb 8 go,clef usb 8 go fantaisie,clef usb 8 go originale,clef usb 8 go sandisk,clef usb 8 go verbatim,clef usb 8 go kingston,clef usb 8 go emtec,clÃ© usb 3.0,clÃ© usb 3.0 8 go,clef usb 3.0 8 go,clef usb 8 go 3.0,clÃ© usb 8 go 3.0,clÃ© usb 2.0,clÃ© usb 2.0 8 go,cle usb,cle usb utilisation,clÃ¨ usb,clÃ¨s usb,cle usb windows,clÃ©f usb,cles usb 8go,clefs usb,clÃ© usb 8go,clÃ© usb sandisk,clÃ©e usb,clÃ© usb pas chÃ¨re,clÃ© usb emetec,clÃ© usb 8 go,clÃ© usb 8gb,usb,usb 2.0,clÃ© usb corsair,usb key,cle usb pas cheres,clÃ© usb pny,clÃ© usb 8 giga,clÃ© usb transcend,clÃ© usb retractable,memory stick,stockage usb,clÃ©usb,cle usb 8 g,sandisk extreme,clef usb pas cher,clÃ© usb 8g,usb clÃ©,meilleur clÃ© usb,sandisk ultra,clÃ© usb 8 go pas cher,emtec clÃ© usb,clÃ© usb windows 7,sandisk cruzer blade,usb flash,mÃ©moire flash usb,clÃ© usb 2.0,clÃ© usb go,flash disk,sandisk cruzer fit,verbatim clÃ© usb,meilleure clÃ© usb,clÃ© usb intÃ©gral,clÃ© usb stockage,clÃ© usb ultra rapide,clÃ© usb 8,stockage clÃ© usb,clÃ© pc,pny clÃ© usb,usb 8go,usb clef,pny usb,clÃ© usb 8gb,clÃ© usb emtec 8go,clÃ© usb toshiba,clÃ© usb 8 go,clÃ© usb 8 go,clÃ© usb flash drive,usb sandisk,sandisk usb,sandisk clÃ© usb,clÃ© de 8,clef usb 8go,clÃ© usb petite capacitÃ©,usb 8 go",PNY,8,7.78
altosight_409,"Kingston Carte SDA3/128GB SDHC/SDXC UHS-I U3, 128 GB Vitesses 90R/80W",Kingston,128,73.71
altosight_410,Lexar LJDC20c-128BBEU ClÃ© USB 3.0 128 Go,LEXAR,128,
altosight_411,Lexar LJDC20m-128BBEUK ClÃ© USB 3.0 128 Go,LEXAR,128,65.27
altosight_412,"Carte MÃ©moire microSDHC SanDisk Ultra Plus 128 Go, Classe 10, Vitesse de Lecture Allant jusqu'Ã  80 Mo/s + Adaptateur SD",SANDISK,128,74.99
altosight_413,"Carte mÃ©moire SDXC SanDisk Ultra PLUS 64 Go, Classe 10,SanDisk,SDSDUSC-064G-GN6IN",SANDISK,64,44.99
altosight_414,Toshiba Transmemory U302 8 Go USB 3.0 Noir,TOSHIBA,8,12.32
altosight_415,"Sony USM16CA1 ClÃ© USB 3.1 16 Go Argent,Sony,MVT608,ClÃ© USB",SONY,16,22.99
altosight_416,Kingston Carte MicroSD Action Camera UHS-I U3 pour GoPro & Drones - SDCAC/16Go avec Adaptateur SD,Kingston,16,
altosight_417,PNY P-FD32GOTGSLMB-GE ClÃ© USB OTG Micro 32 Go,PNY,32,16.49
altosight_418,"PNY Technologies fd128att430-ef Attache 3.0Â 4Â -Â MÃ©moire USB,PNY,FD128ATT4-EF",PNY,128,12.64
altosight_419,"Sandisk Cruzer Glide 256Go USB 2.0 Type A Noir, Rouge lecteur USB flash - lecteurs USB flash (256 Go, USB 2.0, Type A, Slide, Noir, Rouge, 0 - 45 Â°C)",SANDISK,256,
altosight_420,"Carte MÃ©moire microSDHC SanDisk Ultra Plus 32 Go, Classe 10, Vitesse de Lecture Allant jusqu'Ã  80 Mo/s + Adaptateur SD",SANDISK,32,19.99
altosight_421,"Carte MÃ©moire microSDHC SanDisk Ultra Plus 32 Go, Classe 10, Vitesse de Lecture Allant jusqu'Ã  80 Mo/s + Adaptateur SD",SANDISK,32,19.99
altosight_422,"Carte MÃ©moire microSDHC SanDisk Ultra Plus 64 Go, Classe 10, Vitesse de Lecture Allant jusqu'Ã  80 Mo/s + Adaptateur SD",SANDISK,64,37.99
altosight_423,"Carte MÃ©moire microSDHC SanDisk Ultra Plus 64 Go, Classe 10, Vitesse de Lecture Allant jusqu'Ã  80 Mo/s + Adaptateur SD",SANDISK,64,37.99
altosight_424,"Carte MÃ©moire microSDHC SanDisk Ultra Plus 128 Go, Classe 10, Vitesse de Lecture Allant jusqu'Ã  80 Mo/s + Adaptateur SD",SANDISK,128,74.99
altosight_425,"Carte MÃ©moire microSDHC SanDisk Ultra Plus 128 Go, Classe 10, Vitesse de Lecture Allant jusqu'Ã  80 Mo/s + Adaptateur SD",SANDISK,128,74.99
altosight_426,"SanDisk Scheda di Memoria SDHC 8 GB, Classe 4",SANDISK,8,
altosight_427,"Intenso INT-3502450 Memory Stick Rainbow Line USB, 4 GB, Blu",Intenso,4,
altosight_428,SanDisk Scheda di Memoria MicroSDHC I 4 GB Classe 4,SANDISK,4,
altosight_429,SanDisk Scheda di Memoria MicroSDHC 4 GB Classe 4 con Adattatore SD,SANDISK,4,
altosight_430,Kingston Data Traveler 101 G2 Chiavetta USB Flash Drive 16 GB,Kingston,16,
altosight_431,Kingston DT101G2 Datatraveler Memoria USB portatile 32768 MB,Kingston,32,
altosight_432,Sony USM4GR Micro Vault Memoria USB portatile 4096 MB,SONY,4,
altosight_433,"Sony SF8U Scheda SD HC, UHS-I, Classe 10, 8 GB, Nero",SONY,8,
altosight_434,"Toshiba Pendrive USB High-Speed, 8 GB, Bianco",TOSHIBA,8,
altosight_435,"Lexar LJDS70-16GABEU JumpDrive S70 Chiavetta USB 2.0, 16 GB, Grigio",LEXAR,16,11.99
altosight_436,"SanDisk 8&nbsp;GB Secure Digital High Capacity (SDHC)&nbsp;-&nbsp;Class 4,SanDisk,SDIDSDB008GA46",SANDISK,8,15.92
altosight_437,Kingston Scheda SD Professionale SDA10/16GB UHS-I SDHC/SDXC di Classe 10 - 16GB,Kingston,16,14.39
altosight_438,"Sony USM32GQX Memoria USB 3.0, CapacitÃ  32 GB, VelocitÃ  Massima di Lettura 226 MB/s, Nero,Sony,USM32GQX/B,Vergini,226MB/s,32GB,MemoriaUSB,nera,sony",SONY,32,52.34
altosight_439,"Sony USM128GQX Memoria USB 3.0, CapacitÃ  128 GB, VelocitÃ  Massima di Lettura 226 MB/s, Nero,Sony,558M462,Vergini,128GB,226MB/s,MemoriaUSB,nera,sony",SONY,128,82.53
altosight_440,"Kingston DTIG4/64GB DataTraveler Memoria Flash, USB 3.0, 64 GB, Bianco/Viola",Kingston,64,
altosight_441,"Toshiba Scheda di Memoria SDHC 32 GB, EXCeria Pro, 260 Mb/s, UHS-Ii, U1",TOSHIBA,32,111.82
altosight_442,"Intenso Premium Line 8GB USB 3.0 8GB USB 3.0 (3.1 Gen 1) Type-A Silver USB flash drive - USB flash drives (8 GB, USB 3.0 (3.1 Gen 1), Type-A, 35 MB/s, 20 MB/s, Windows 7 Home Basic,Windows 8,Windows 8.1,Windows Vista Home Basic,Windows XP Home)",Intenso,8,11.99
altosight_443,Kingston Scheda SD Professionale SDA10/256GB UHS-I SDHC/SDXC di Classe 10 - 256GB,Kingston,256,130.99
altosight_444,"Toshiba Scheda di Memoria MicroSDXC, 64GB - Exceria - 95MB/s - UHS-I - U3",TOSHIBA,64,49.0
altosight_445,"Toshiba Scheda di Memoria MicroSDHC, 32GB - Exceria - 95MB/s - UHS-I - U3",TOSHIBA,32,31.49
altosight_446,"Toshiba Scheda di Memoria SDHC 16 GB, EXCeria, 95 Mb/s, UHS-I, U3, Nero/Argento",TOSHIBA,16,
altosight_447,"Toshiba Scheda di Memoria SDXC 64 GB, EXCeria, 95 Mb/s, UHS-I, U3, Nero/Argento",TOSHIBA,64,53.32
altosight_448,"Kingston DataTraveler SE9 G2 - chiavetta 8GB USB 3.0, grigia",Kingston,8,
altosight_449,Lexar P20 128Go USB 3.0 JumpDrive - LJDP20-128CRBEU,LEXAR,128,99.0
altosight_450,Lexar JumpDrive S25 64GB USB 3.0 Flash Drive LJDS25-64GABEU (Viola),LEXAR,64,21.37
altosight_451,Lexar JumpDrive S25 32GB USB 3.0 Flash Drive LJDS25-32GABEU (Verde),LEXAR,32,13.11
altosight_452,"Lexar P20 32Go USB 3.0 JumpDrive - LJDP20-32GCRBEU,LEXAR MEDIA INC,LJDP20-32GCRBEU,drive,flash,lexar,usb",LEXAR,32,42.91
altosight_453,Lexar JumpDrive S25 16GB USB 3.0 Flash Drive LJDS25-16GABEU (Teal),LEXAR,16,10.01
altosight_454,Lexar Premium II 300X 8GB SDHC U1 Scheda di memoria - LSD8GBBBEU300,LEXAR,8,10.99
altosight_455,"Toshiba 32 GB Exceria PRO 32GB SDHC UHS Class 3 memory card - memory cards (32 GB, SDHC, Class 3, 260 MB/s, 240 MB/s, UHS)",TOSHIBA,32,76.67
altosight_456,"Toshiba 64GB Exceria PRO 64GB SDHC UHS Class 3 memory card - memory cards (64 GB, SDHC, Class 3, 260 MB/s, 240 MB/s, UHS)",TOSHIBA,64,151.5
altosight_457,"Toshiba scheda di memoria microSDHC 32 GB, Exceria, 95MB/s - UHS-I - U3 + adattatore",TOSHIBA,32,34.9
altosight_458,"Kingston Scheda di Memoria SDA3/128GB SDHC/SDXC UHS-I U3, 128 GB, Nero",Kingston,128,61.99
altosight_459,Scheda Lexar Professional 32GB 1400x XQD 2.0 - LXQD32GCRBEU1400,LEXAR,32,
altosight_460,"Lexar JumpDrive C20m UnitÃ  Flash MicroUSB, 128 GB",LEXAR,128,58.05
altosight_461,Toshiba THN-U202L0080E4 Memoria USB portatile,TOSHIBA,8,
altosight_462,"Toshiba THN-U202W0080E4 Penna Flash da 8GB, USB 2.0, Bianco",TOSHIBA,8,
altosight_463,"Scheda memoria microSDHC SanDisk Ultra Plus, classe 10, VelocitÃ  di lettura fino a 80&nbsp;MB/s + adattatore SD 128 Gb,SanDisk,SDSQUSC-128G-GN6MA",SANDISK,128,90.65
altosight_464,"Toshiba 128GB SDXC 128GB SDXC UHS Class 3 memory card - memory cards (128 GB, SDXC, Class 3, 260 MB/s, 150 MB/s, UHS)",TOSHIBA,128,
altosight_465,"Kingston HXS3/512GB HyperX Savage Memoria Flash, USB 3.0, 512 GB, Lettura 350 MB/s, Scrittura 250 MB/s, Nero/Rosso",Kingston,512,232.89
altosight_466,"Toshiba THN-M401S0160E2 16GB MicroSD NAND Class 10 memory card - memory cards (16 GB, MicroSD, Class 10, 95 MB/s, 80 MB/s, NAND)",TOSHIBA,16,24.99
altosight_467,SanDisk Cruzer Glide Chiavetta USB 2.0 256 GB,SANDISK,256,108.99
altosight_468,"Toshiba EXCERIA PRO - N401 128GB SDXC UHS-I Class 3 memory card - memory cards (128 GB, SDXC, Class 3, 95 MB/s, 75 MB/s, UHS-I)",TOSHIBA,128,66.99
altosight_469,"Toshiba EXCERIA PRO - N401 32GB SDHC UHS-I Class 3 memory card - memory cards (32 GB, SDHC, Class 3, 95 MB/s, 75 MB/s, UHS-I)",TOSHIBA,32,
altosight_470,"Toshiba EXCERIA PRO - N401 64GB SDXC UHS-I Class 3 memory card - memory cards (64 GB, SDXC, Class 3, 95 MB/s, 75 MB/s, UHS-I)",TOSHIBA,64,
altosight_471,"Toshiba Scheda di Memoria SDXC 128GB, Exceria, 90MB/s, Classe 10, U3",TOSHIBA,128,
altosight_472,"PNY AttachÃ© 4 2.0 128GB 128GB USB 2.0 USB Type-A connector Black USB flash drive - USB Flash Drives (128 GB, 2.0, USB Type-A connector, 25 MB/s, Slide, Black),PNY,FD128ATT4-EF",PNY,128,39.0
altosight_473,Sandisk SDCZ880-256G-G46 Cruzer Extreme Memoria USB portatile,SANDISK,256,182.06
altosight_474,64GB SDHC UHS-II Card,Transcend,64,117.0
altosight_475,8GB Micro SDHC Class 10 UHS-I 45MB/s Read Card + SD Adapter,Kingston,8,11.25
altosight_476,8GB Micro SDHC Class 10 UHS-I 45R Flash Card Single Pack w/o Adapter,Kingston,8,11.99
altosight_477,Kingston SD kaart UHS-I 128GB,Kingston,128,66.5
altosight_478,Kingston SDXC Class 10 UHS-I 256GB 256GB SDXC Flash Class 10,Kingston,256,111.0
altosight_479,Kingston Secure Digital Card High-Capacity 4GB  (Retail),Kingston,4,7.99
altosight_480,SDCA3/16GB 16GB Micro SDHC UHS-I speed class 3 (U3) 90R/80W,Kingston,16,24.9
altosight_481,SDCA3/16GBSP 16GB Micro SDHC UHS-I speedclass 3 Single Pack w/o Adapter,Kingston,16,24.9
altosight_482,SONY MICRO SD SERIE UX 128GB R95/W70 CL 10 EXPERT,SONY,128,
altosight_483,SONY SD SERIE N 8GB R15 ESSENTIAL CL 4,SONY,8,14.9
altosight_484,SONY SD SERIE U 8GB R90 CL 10 PERFORMANCE,SONY,8,16.9
altosight_485,LEXAR CLE USB JUMPDRIVE S25 16GB BLEUE,LEXAR,16,14.9
altosight_486,LEXAR CLE USB JUMPDRIVE S70 16GB GRISE,LEXAR,16,10.9
altosight_487,LEXAR CLE USB JUMPDRIVE S70 16GB,LEXAR,16,10.9
altosight_488,LEXAR CLE USB JUMPDRIVE V30 16GB TURQUOISE,LEXAR,16,10.9
altosight_489,LEXAR CLE USB JUMPDRIVE V30 32GB VERTE,LEXAR,32,18.9
altosight_490,SONY CLE USB 2.0 SERIE GM 64GB STYLISH BLANCHE,SONY,64,63.9
altosight_491,SONY MICRO SD SERIE UX 128GB R95/W70 CL 10 EXPERT,SONY,128,
altosight_492,SONY SD SERIE U 8GB R90 CL 10 PERFORMANCE,SONY,8,16.9
altosight_493,Memoria Usb Pendrive Kingston Datattraveller 101g2 16 Pte,Kingston,16,11.58
altosight_494,Memoria USB PNY Attache 128GB,PNY,128,33.65
altosight_495,Pen Drive Kingston Dt101g2/32gb Hi-speed Usb 2.0 (25),Kingston,32,13.8
altosight_496,Pendrive 16gb Usb2.0 Intenso Basic Line Negro,Intenso,16,6.1
altosight_497,Pendrive 4gb Usb2.0 Intenso Rainbow Negro,Intenso,4,6.14
altosight_498,Pendrive 512gb Usb 3.0/3.1 Kingston Hyperx Savage,Kingston,512,259.1
altosight_499,SANDISK Extreme Plus Class 10 SD Memory Card - 128 GB,SANDISK,128,69.99
altosight_500,SANDISK Ultra Performance Class 10 microSD Memory Card - 128 GB,SANDISK,128,69.99
altosight_501,SANDISK Ultra Performance Class 10 microSD Memory Card - 32 GB,SANDISK,32,29.99
altosight_502,SANDISK Ultra Performance Class 10 microSD Memory Card - 64 GB,SANDISK,64,39.99
altosight_503,SANDISK Ultra Performance Class 10 microSDHC Memory Card - 32 GB,SANDISK,32,29.99
altosight_504,SANDISK Ultra Performance Class 10 microSDXC Memory Card - 128 GB,SANDISK,128,69.99
altosight_505,SANDISK Ultra Performance Class 10 microSDXC Memory Card - 64 GB,SANDISK,64,39.99
altosight_506,SANDISK Ultra Plus Class 10 SD Memory Card - 16 GB,SANDISK,16,19.99
altosight_507,SANDISK Ultra Plus Class 10 SD Memory Card - 32 GB,SANDISK,32,29.99
altosight_508,SANDISK Ultra Plus Class 10 SD Memory Card - 64 GB,SANDISK,64,39.99
altosight_509,SANDISK Ultra Plus Class 10 SDHC Memory Card - 16 GB,SANDISK,16,19.99
altosight_510,SANDISK Ultra Plus Class 10 SDHC Memory Card - 32 GB,SANDISK,32,29.99
altosight_511,SANDISK Ultra Plus Class 10 SDXC Memory Card - 64 GB,SANDISK,64,39.99
altosight_512,"PNY Attache 4 USB 2.0 Memory Stick - 128 GB, Black",PNY,128,23.99
altosight_513,Karta pami?ci Sandisk microSDHC 16 GB EXTREME PRO 95MB/s C10 UHS-I + adapter SD,SANDISK,16,103.0
altosight_514,Karta pami?ci Sony microSDHC 8 GB C4 + adapter,SONY,8,49.0
altosight_515,"Karta pami?ci SDHC (Secure Digital High Capacity) gwarantuj?ca minimaln? szybko?? transferu 4 MB/s, kompatybilna tylko z urz?dzeniami obs?uguj?cymi standard SDHC. Obj?ta wieczyst? gwarancj?.",Kingston,4,
altosight_516,Carte SD Lexar PREMIUM SERIES SDHC 8 Go - SD 300X 8GB (4116020),LEXAR,8,7.9
altosight_517,ClÃ© USB Lexar JUMPDRIVE S25 16GB - LJDS25-16GABEU (4110277),LEXAR,16,9.9
altosight_518,ClÃ© USB Lexar JUMPDRIVE S25 32GB (4110331),LEXAR,32,16.9
altosight_519,ClÃ© USB Lexar JUMPDRIVE S25 64GB (4110315),LEXAR,64,34.9
altosight_520,ClÃ© USB Lexar P20 USB 3.0 128 GO (4187407),LEXAR,128,90.11
altosight_521,ClÃ© USB Lexar P20 USB 3.0 32 GO (4187369),LEXAR,32,36.07
altosight_522,ClÃ© USB Sandisk Cruzer Extreme CZ80 16 Go USB 3.0 - CZ80 16G EXTR USB3 N (1396994),SANDISK,16,40.48
altosight_523,ClÃ© USB Sandisk DUAL TYPE C 16GB - usb c (4247892),SANDISK,16,19.49
altosight_524,ClÃ© USB Sandisk DUAL TYPE C 64GB (4247906),SANDISK,64,44.9
altosight_525,ClÃ© USB Sandisk GLIDE 128 GB 3.0 (4194551),SANDISK,128,64.9
altosight_526,ClÃ© USB Sandisk GLIDE 32 GB 3.0 (4194527),SANDISK,32,19.9
altosight_527,ClÃ© USB Sony ClÃ© OTG 16Go USM16CA1 type C et USB 3.1 (4190041),SONY,16,29.99
altosight_528,Disque dur externe Sony DD2.5 1TB COMPACT NOIR,SONY,1024,109.9
altosight_529,Disque dur externe Sony HD-SL 1 To - HD-SL 1 SEU 1 To,SONY,1024,109.9
altosight_530,Disque dur SSD Sony Sony SSD externe 256 Go,SONY,256,159.9
altosight_531,ClÃ© USB Intenso Cl&amp;eacute; USB 16GB Intenso Basic Line - Sous blister (MK48541586),Intenso,16,12.19
altosight_532,ClÃ© USB Intenso Cl&amp;eacute; USB 4GB INTENSO Rainbow Line - Sous Blister (MK483972804),Intenso,4,8.05
altosight_533,ClÃ© USB Intenso Cl&amp;eacute; USB 64GB Intenso FlashDrive Premium Line 3.0 - blister aluminium (MK935883101),Intenso,64,40.42
altosight_534,ClÃ© USB Intenso Cl&amp;eacute; USB 8GB Intenso FlashDrive Premium Line 3.0 - blister aluminium (MK935883071),Intenso,8,11.15
altosight_535,ClÃ© USB Kingston Cl&amp;eacute; USB 16GB Kingston DT101 G2 - Sous Blister (MK483703403),Kingston,16,13.99
altosight_536,ClÃ© USB Kingston Cl&amp;eacute; USB 32GB Kingston DT101 G2 - Sous blister (MK935278601),Kingston,32,28.36
altosight_537,ClÃ© USB Kingston Kingston ClÃ© USB 16 Go Datatraveler G2 101 (MK1574653819),Kingston,16,14.71
altosight_538,ClÃ© USB Lexar 16GB JumpDrive V30 16Go USB 2.0 Type A Blanc lecteur USB flash (MK1289619889),LEXAR,16,12.94
altosight_539,"ClÃ© USB Lexar 32GB JumpDrive V30 32Go USB 2.0 Type A Vert, Blanc lecteur USB flash (MK1344856649)",LEXAR,32,19.87
altosight_540,ClÃ© USB Lexar Cl&amp;eacute; usb lexar jumpdrive v30 (MK362822542),LEXAR,16,8.53
altosight_541,"ClÃ© USB Lexar JumpDrive C20c 128GB 128GB USB 3.0 (3.1 Gen 1) Type-A/Type-C Noir, Argent lecteur USB flash (MK1008030400)",LEXAR,128,72.51
altosight_542,"ClÃ© USB Lexar JumpDrive C20m 128GB 128GB USB 3.0 (3.1 Gen 1) Type-A Noir, Argent lecteur USB flash (MK1902705846)",LEXAR,128,57.07
altosight_543,"ClÃ© USB Lexar JumpDrive C20m 32GB 32GB USB 3.0 (3.1 Gen 1) Type-A/Type-C Noir, Argent lecteur USB flash (MK113845669)",LEXAR,32,28.17
altosight_544,ClÃ© USB Pny Attach? 4 8GB USB 2.0 Noir lecteur USB flash (MK63501284),PNY,8,14.64
altosight_545,ClÃ© USB Toshiba THN-U202W1280E4 128Go USB 2.0 Type A Blanc lecteur USB flash (MK1725168789),TOSHIBA,128,46.94
altosight_546,Disque dur SSD Samsung Samsung disque dur usb3.0 externe t3 1to ssd,Samsung,1024,334.0
altosight_547,Carte SD Sandisk Carte EXTREME PRO SDHC 16 Go 280 Mo/s Classe 10 UHS-II U3 (MK935585202),SANDISK,16,66.06
altosight_548,Sandisk MICRO SDHC 4 GO - SDSDQ004GE11M (1198491),SANDISK,4,
altosight_549,Tarjeta de Memoria Lexar SDHC de 8GB Clase 10,LEXAR,8,7.9
altosight_550,Pendrive Lexar JumpDrive S25 USB 3.0 64 GB,LEXAR,64,23.9
altosight_551,Pendrive Lexar JumpDrive C20m USB 3.1 32 GB con cable plata/negro/azul,LEXAR,32,32.9
altosight_552,Pendrive Lexar JumpDrive C20c USB 3.1 128 GB con cable plata/negro/rojo,LEXAR,128,97.9
altosight_553,Memoria USB - Intenso -  8GB USB 3.0 (3.1 Gen 1) Tipo A Plata,Intenso,8,9.0
altosight_554,Memoria USB - Intenso -64GB USB 3.0 (3.1 Gen 1) Tipo A Plata,Intenso,64,32.62
altosight_555,Tarjeta de Memoria - Toshiba - THN-M401S0160E2 16GB MicroSD NAND,TOSHIBA,16,11.0
altosight_556,Sandisk USB-Stick 3.1 Extreme Go USB 3.1 64GB,SANDISK,64,57.99
altosight_557,Intenso USB-Stick 3.0 Premium Line 8GB USB 3.0,Intenso,8,9.99
altosight_558,Intenso USB-Stick 3.0 Premium Line 64GB USB 3.0,Intenso,64,34.99
altosight_559,Kingston microSDHC 16GB UHS-I U3 (SDCAC/16GB) - Pam??ovÃ¡ micro SD karta,Kingston,16,236.39
altosight_560,Kingston USB 512GB HX Savage - USB flash disk,Kingston,512,8199.0
altosight_561,Kingston Data Traveler 101 G2 32 GB fialovÃ½ - flashdisk,Kingston,32,408.0
altosight_562,Sony Micro Vault OTG CA1 DUO 16GB (USM16CA1) (st?Ã­brnÃ½),SONY,16,729.0
altosight_563,"SanDisk Cruzer Extreme 16 GB USB-minne 3.0 - Minneskort, USB-minne",SANDISK,16,189.0
altosight_564,"SanDisk Extreme PRO microSDHC Minneskort 16 GB - Minneskort, USB-minne",SANDISK,16,379.0
altosight_565,"Toshiba Exceria Pro M401 Micro SDHC kort 16 GB - Minneskort, USB-minne",TOSHIBA,16,179.0
altosight_566,"Toshiba Exceria Pro N401 SDXC kort 128 GB - Minneskort, USB-minne",TOSHIBA,128,849.0
altosight_567,"Toshiba Exceria Pro N401 SDHC kort 32 GB - Minneskort, USB-minne",TOSHIBA,32,299.0
altosight_568,"Toshiba Exceria Pro N401 SDXC kort 64 GB - Minneskort, USB-minne",TOSHIBA,64,499.0
altosight_569,Toshiba Exceria N302 SDXC kort 128 GB - Minneskort till kamera,TOSHIBA,128,699.0
altosight_570,"Toshiba TransMemory U202 flash drive 128 GB (vit) - Minneskort, USB-minne",TOSHIBA,128,499.0
altosight_571,"Sony Slim USB-minne USB-C/USB-A 16 GB - Minneskort, USB-minne",SONY,16,299.0
altosight_572,SanDisk SDHC 8GB Minneskort - Minneskort till kamera,SANDISK,8,99.0
altosight_573,"Toshiba Exceria Pro N401 SDXC kort 128 GB - Minneskort, USB-minne",TOSHIBA,128,849.0
altosight_574,Toshiba Exceria Pro N401 SDHC kort 32 GB - Minneskort till kamera,TOSHIBA,32,299.0
altosight_575,"Toshiba Exceria Pro N401 SDXC kort 64 GB - Minneskort, USB-minne",TOSHIBA,64,499.0
altosight_576,Toshiba Exceria N302 SDXC kort 128 GB - Minneskort till kamera,TOSHIBA,128,699.0
altosight_577,SanDisk Ultra Dual USB-C 3.1 flash drive 64 GB - Diverse mobiltillbehÃ¶r,SANDISK,64,349.0
altosight_578,SanDisk Extreme PRO microSDHC Minneskort 16 GB - Minneskort till mobil,SANDISK,16,379.0
altosight_579,Sony Expert SR-G1UX2A Micro SDXC minneskort 128 GB - Minneskort till mobil,SONY,128,1899.0
altosight_580,"Toshiba Exceria Pro M401 Micro SDHC kort 16 GB - Minneskort, USB-minne",TOSHIBA,16,179.0
altosight_581,Kingston SDHC Class 10 UHS-I 16GB,Kingston,16,24.99
altosight_582,Kingston SDXC 128GB Class 10 UHS\-I U3,Kingston,128,219.0
altosight_583,Samsung microSD EVO Plus 16GB,Samsung,16,44.99
altosight_584,Kingston Data Traveler 101 Gen2 32GB USB 2.0 (czerwony),Kingston,32,59.99
altosight_585,Kingston Data Traveler I G4 64GB USB 3.0,Kingston,64,89.99
altosight_586,Kingston DataTraveler 101 Gen2 16GB (czarny),Kingston,16,29.99
altosight_587,Kingston HyperX Savage 512GB USB 3.0,Kingston,512,859.0
altosight_588,PNY Attache 4 8GB USB 2.0 (czarny),PNY,8,29.99
altosight_589,Pam??ovÃ¡ karta Kingston MicroSDHC 8GB UHS-I U1 (45R/10W) + adapter,Kingston,8,197.0
altosight_590,Pam??ovÃ¡ karta Kingston SDHC 16GB UHS-I U1 (90R/45W),Kingston,16,399.0
altosight_591,Pam??ovÃ¡ karta Kingston SDXC 128GB UHS-I U3 (90R/80W),Kingston,128,1499.0
altosight_592,Pam??ovÃ¡ karta Kingston SDXC 256GB UHS-I U1 (90R/45W),Kingston,256,2599.0
altosight_593,Pam??ovÃ¡ karta Samsung Micro SDXC PRO+ 128GB UHS-I U3 (95R/90W) + adapter,Samsung,128,1997.0
altosight_594,USB Flash Kingston DataTraveler G4 64GB fialovÃ½,Kingston,64,1227.0
altosight_595,USB Flash Kingston DataTraveler SE9 G2 8GB kovovÃ½,Kingston,8,247.0
altosight_596,USB Flash Kingston HyperX Savage 512GB ?ernÃ½/?ervenÃ½,Kingston,512,6179.0
altosight_597,USB Flash Kingston HyperX Savage 512GB USB 3.1 ?ernÃ½/?ervenÃ½,Kingston,512,6210.0
altosight_598,Kingston DataTraveler G4 USB 3.0 (64GB) Speicherstick violett,Kingston,64,29.99
altosight_599,Intenso Premium Line USB Stick (8GB),Intenso,8,9.99
altosight_600,Sandisk Cruzer Extreme USB 3.0 (16GB) USB-Speicherstick,SANDISK,16,22.99
altosight_601,Intenso Premium Line USB Stick (64GB),Intenso,64,32.99
altosight_602,Intenso Rainbow Line USB 2.0 (4GB) USB-Speicherstick blau,Intenso,4,5.0
altosight_603,Intenso Basic Line USB 2.0 (16GB) USB-Speicherstick silber/schwarz,Intenso,16,7.0
altosight_604,Toshiba Hayabusa USB 2.0 (8GB) weiÃ,TOSHIBA,8,12.95
altosight_605,Sandisk Cruzer Edge (4GB) Speicherstick schwarz/rot,SANDISK,4,7.9
altosight_606,Sandisk microSDHC (4GB),SANDISK,4,5.99
altosight_607,Sandisk SDHC 8GB SDHC-Speicherkarte,SANDISK,8,7.99
altosight_608,Sandisk microSDHC (4GB) + Adapter Photo microSDHC,SANDISK,4,7.99
altosight_609,Kingston SDHC Class 4 (4GB) Speicherkarte,Kingston,4,9.99
altosight_610,TOSHIBA - SD EXCERIA 90MB/S 128GB&nbsp;Rosso/Nero,TOSHIBA,128,57.99
altosight_611,SANDISK - USB DUAL DRIVE ULTRA TYPE C 16GB&nbsp;,SANDISK,16,19.99
altosight_612,SANDISK - Cruzer Fit 128GB -,SANDISK,128,129.0
altosight_613,Sony microSDXC 128 GB UHS-I U3 Class 10 + SD Adapter,SONY,128,164.5
altosight_614,Sony USM-CA MicroVault USB 3.1 16 GB â silber,SONY,16,23.5
altosight_615,Sony USM-M MicroVault USB 2.0 64 GB â weiÃ,SONY,64,46.9
altosight_616,Toshiba Exceria Pro N401 SDHC 32 GB UHS-I U3 Class 10,TOSHIBA,32,24.9
altosight_617,Toshiba Exceria Pro N401 SDXC 64 GB UHS-I U3 Class 10,TOSHIBA,64,39.0
altosight_618,ClÃ© micro-USB Lexar JumpDrive C20m 128 Go,LEXAR,128,
altosight_619,ClÃ© USB 3.1 Sony Type C 16 Go + Etui en MÃ©tal Argent,SONY,16,29.99
altosight_620,ClÃ© USB3.0 Lexar JumpDrive P20 128 Go Noir,LEXAR,128,
altosight_621,ClÃ© USB3.0 Lexar JumpDrive S25 32 Go Vert et blanc,LEXAR,32,
altosight_622,Kingston - carte mÃ©moire flash - 4 Go - SDHC,Kingston,4,
altosight_623,Sony - carte mÃ©moire flash - 16 Go - SDHC,SONY,16,
altosight_624,Kingston - carte mÃ©moire flash - 256 Go - SDXC,Kingston,256,
altosight_625,Toshiba EXCERIA PRO - carte mÃ©moire flash - 32 Go - SDHC UHS-II,TOSHIBA,32,
altosight_626,Toshiba EXCERIA - carte mÃ©moire flash - 32 Go - microSDHC UHS-I,TOSHIBA,32,
altosight_627,Toshiba EXCERIA - carte mÃ©moire flash - 64 Go - microSDXC UHS-I,TOSHIBA,64,
altosight_628,Toshiba EXCERIA PRO - carte mÃ©moire flash - 32 Go - SDHC UHS-II,TOSHIBA,32,
altosight_629,Toshiba EXCERIA PRO - carte mÃ©moire flash - 128 Go - SDXC UHS-II,TOSHIBA,128,
altosight_630,Lexar JumpDrive S70 ClÃ© USB 2.0 16 Go Gris LJDS70-16GABEU,LEXAR,16,
altosight_631,Kingston - carte mÃ©moire flash - 16 Go - microSDHC UHS-I,Kingston,16,
altosight_632,Toshiba EXCERIA N302 - carte mÃ©moire flash - 128 Go - SDXC UHS-I,TOSHIBA,128,
altosight_633,ClÃ© USB Sandisk GLIDE 128 GB 3.0,SANDISK,128,
altosight_634,Sandisk Carte mÃ©moire microSDHC - 4 Go,SANDISK,4,
altosight_635,Sony Carte mÃ©moire SDHC 16 Go Class4,SONY,16,
altosight_636,Lexar JumpDrive S25 Memoria USB 3.0 64 GB violeta Fnac.es Lexar,LEXAR,64,29.95
altosight_637,Memoria USB Lexar Jumpdrive C20c 128 GB ipec discount Lexar,LEXAR,128,88.14
altosight_638,Memoria USB Lexar Jumpdrive C20m USB3.0 - MicroUSB 128GB Pendrive ipec discount Lexar,LEXAR,128,56.12
altosight_639,Memoria USB Lexar Jumpdrive C20m USB3.0 - MicroUSB 32GB Pendrive ipec discount Lexar,LEXAR,32,29.24
altosight_640,Intenso Rainbow Line 4GB USB Stick 2.0 Es Media Intenso,Intenso,4,9.18
altosight_641,Intenso 16GB Basic USB2.0 - Pendrive / Memoria USB Mercado Actual Intenso,Intenso,16,8.99
altosight_642,Intenso Premium Line 8GB USB 3.0 - Pendrive / Memoria USB DOODIGITAL Intenso,Intenso,8,11.64
altosight_643,PNY AttachÃ© 4 8GB USB 2.0 Negro unidad flash USB - Pendrive / Memoria USB Infopavon PNY,PNY,8,9.99
altosight_644,Lexar JumpDrive P20 32GB - Pendrive / Memoria USB ASdiscount Lexar,LEXAR,32,75.61
altosight_645,"Hyperx - 512gb 512gb USB 3.1/Usb 3.0 Negro, Rojo Unidad Flash USB Mercado Actual Kingston Technology",Kingston,512,255.99
altosight_646,"Sandisk Cruzer Glide 256 GB 256GB USB 2.0 Negro, Rojo unidad flash USB VIPDOMO Sandisk",SANDISK,256,74.87
altosight_647,Intenso 3534490 - Memoria USB Llave USB DOODIGITAL Intenso,Intenso,64,24.42
altosight_648,Pny Attache 4 128 GB USB 2.0 ASdiscount PNY,PNY,128,45.0
altosight_649,Lexar SDHC 8GB Premium UHS-I 300x,LEXAR,8,13.99
altosight_650,Memoria Samsung microSDXC PRO Clase 10 128GB + Adaptador,Samsung,128,112.99
altosight_651,Memoria Sandisk MicroSDHC 16GB Extreme Pro,SANDISK,16,24.99
altosight_652,Memoria SDHC Sony 16GB Class 4,SONY,16,15.99
altosight_653,Memoria microSD Sony 8GB + Adaptador,SONY,8,10.99
altosight_654,Memoria Toshiba Exceria microSDXC Clase 10 UHS-I Class 3 16GB,TOSHIBA,64,6.99
altosight_655,Memoria Toshiba Exceria microSDXC Class 10 UHS-I Class 3 64GB,TOSHIBA,64,53.99
altosight_656,Memoria Toshiba Exceria SDHC Clase 10 UHS-I Clase 3 16GB,TOSHIBA,16,18.99
altosight_657,Memoria Toshiba Exceria SDXC Class 10 UHS-I Class 3 64GB,TOSHIBA,64,33.99
altosight_658,Memoria Toshiba microSDHC 32GB Class 10 Exceria Ultra High Speed UHS-I,TOSHIBA,32,20.99
altosight_659,Memoria Toshiba SDHC 32GB Exceria PRO UHS Clase 10,TOSHIBA,32,91.99
altosight_660,Memoria SDXC Transcend 64GB Ultimate UHS-II U3,Transcend,64,118.99
altosight_661,Memoria microSDHC Sony 32GB + Adaptador,SONY,32,20.99
altosight_662,TARJETA SD 8 GB LEXAR (45 MB/SG  300X) PREMIUM II,LEXAR,8,8.0
altosight_663,Carte MÃ©moire Sandisk ultra PLUS MicroSDHC 32Go 80Mo/seconde UHS-I avec adaptateur SD\n,SANDISK,32,27.04
altosight_664,Carte MÃ©moire Sandisk ultra PLUS MicroSDXC 128Go 80Mo/seconde UHS-I avec adaptateur SD\n,SANDISK,128,80.04
altosight_665,Carte MÃ©moire Sandisk ultra PLUS MicroSDXC 64Go 80Mo/seconde UHS-I avec adaptateur SD\n,SANDISK,64,50.04
altosight_666,Carte MÃ©moire Sandisk ultra PLUS SDHC 16Go 80Mo/seconde UHS-I\n,SANDISK,16,19.99
altosight_667,Carte MÃ©moire Sandisk ultra PLUS SDHC 32Go 80Mo/seconde UHS-I\n,SANDISK,32,27.04
altosight_668,Carte MÃ©moire Sandisk ultra PLUS SDXC 64Go 80Mo/seconde UHS-I\n,SANDISK,64,45.04
altosight_669,ClÃ© USB Sandisk Cruzer Glide 3.0 32 Go\n,SANDISK,32,22.02
altosight_670,ClÃ© USB Sandisk GLIDE 128 GB 3.0\n,SANDISK,128,64.91
altosight_671,Intenso Basic Line - clÃ© USB - 16 Go\n,Intenso,16,17.71
altosight_672,Intenso Speed Line - clÃ© USB - 8 Go\n,Intenso,8,17.55
altosight_673,Kingston Ultimate - carte mÃ©moire flash - 16 Go - SDHC\n,Kingston,16,20.02
altosight_674,Intenso Premium Line - clÃ© USB - 64 Go\n,Intenso,64,19.39
altosight_675,Intenso Premium Line - clÃ© USB - 8 Go\n,Intenso,8,10.16
altosight_676,Intenso premium line 64gb usb 3.0 (3534490)\n,Intenso,64,41.15
altosight_677,Intenso premium line 64gb usb 3.0 (3534490)\n,Intenso,64,41.15
altosight_678,Sony Compact Slim HD-SL1 - disque dur - 1 To - USB 3.0\n,SONY,1024,109.0
altosight_679,Sony Compact Slim HD-SL1 - disque dur - 1 To - USB 3.0\n,SONY,1024,109.0
altosight_680,SANDISK SDXC 128 GB EXTREME PLUS UHS-I 80MB/SEC,SANDISK,128,89.8
altosight_681,KINGSTON HyperX Savage 512 GB,Kingston,512,364.7
altosight_682,PNY AttachÃ© 4,PNY,8,17.35
altosight_683,Kingston Ultimate - Flash-Speicherkarte - 16 GB - UHS Class 1 /,Kingston,16,17.95
altosight_684,Kingston - Flash-Speicherkarte - 128 GB - UHS Class 3 / Class10 -,Kingston,128,79.95
altosight_685,Sony USM16CA1 - USB-Flash-Laufwerk - 16 GB - USB 3.1 / USB Type-C,SONY,16,39.95
altosight_686,USB STICK CRUIZER GLIDE 256GB,SANDISK,256,149.9
altosight_687,Kingston HyperX Savage - USB-Flash-Laufwerk - 512 GB - USB 3.1 -,Kingston,512,309.0
altosight_688,PNY AttachÃ© 4 - USB-Flash-Laufwerk - 8 GB - USB 2.0,PNY,8,9.95
altosight_689,Lexar XQD 32GB 210MB/s 1400x,LEXAR,32,989.0
altosight_690,Lexar XQD 32GB 210MB/s 1400x,LEXAR,32,898.0
altosight_691,SanDisk SDHC Extreme PRO 16GB 280MB/s,SANDISK,16,548.0
altosight_692,Sandisk Extreme Pro Micro SDHC 16GB Memory Card,SANDISK,16,19.97
altosight_693,"Sony Expert UHS-I Class 10 U3 MicroSD Memory Card, 128GB, 95MB/s, with SD Adapter",SONY,128,1549.0
altosight_694,"Sony Portable USB Flash Storage Drive, White, 16GB",SONY,16,29.95
altosight_695,Lexar Jumpdrive P20 128GB USB 3.0,LEXAR,128,88.95
altosight_696,Lexar JumpDrive S25 USB 3.0 64GB,LEXAR,64,34.0
altosight_697,Karta pami?ci TOSHIBA N302 SDHC 128GB THN,TOSHIBA,128,279.0
altosight_698,Pami?? LEXAR JumpDrive C20c (LJDC20C Pami?? LEXAR JumpDrive C20c (LJDC20C,LEXAR,128,339.99
altosight_699,Pami?? LEXAR JumpDrive C20m 32 GB,LEXAR,32,87.9
altosight_700,Pami?? LEXAR JumpDrive C20m (LJDC20M Pami?? LEXAR JumpDrive C20m (LJDC20M,LEXAR,128,274.99
altosight_701,LEXAR USB-stick 128 GB (LJDC20M-128BBEU),LEXAR,128,74.99
altosight_702,LEXAR USB-stick 32 GB (LJDC20M-32GBBEU),LEXAR,32,34.99
altosight_703,SONY MPE Dual Connection USB 3.1 Type-C &amp; A 16 GB (USM-16CA1),SONY,16,20.99
altosight_704,SONY MPE USB-stick 32 GB Zwart (USM32GR),SONY,32,19.99
altosight_705,"TOSHIBA TransMemory U202, 128 GB, weiss",TOSHIBA,128,41.95
altosight_706,Intenso Rainbow Line - USB-Stick - 4 GB - Blau,Intenso,4,7.95
altosight_707,"TOSHIBA EXCERIA PRO M401, 16 GB",TOSHIBA,16,24.95
altosight_708,"TOSHIBA EXCERIA PRO N101, 128 GB",TOSHIBA,128,289.95
altosight_709,"TOSHIBA EXCERIA PRO N401, 128 GB",TOSHIBA,128,89.95
altosight_710,"TOSHIBA EXCERIA PRO N101, 32 GB",TOSHIBA,32,94.95
altosight_711,"TOSHIBA EXCERIA PRO N101, 64 GB",TOSHIBA,64,184.95
altosight_712,"Toshiba SDHC EXCERIA PRO 64GB, silber",TOSHIBA,64,59.95
altosight_713,SANDISK Ultra Plus SDHC / SDXC Geheugenkaart 32 GB 80 MB/s,SANDISK,32,19.99
altosight_714,SANDISK Ultra Plus SDHC / SDXC Geheugenkaart 64 GB 80 MB/s,SANDISK,64,29.99
altosight_715,Kingston SDHC 16GB Ultimate Memory Class 10 UHS-I,Kingston,16,450.0
altosight_716,Sony Micro SDXC 128GB SDHC UHS-I U3+ AdaptÃ©r,SONY,128,
altosight_717,Sony SDHC 16GB Class 4,SONY,16,590.0
altosight_718,Sony SDHC 16GB Class 4,SONY,16,590.0
altosight_719,Sony SDHC 8GB Class 10 UHS-I,SONY,8,350.0
altosight_720,Sony SDHC 8GB Class 10 UHS-I,SONY,8,350.0
altosight_721,KINGSTON HX SAVAGE USB 3.1/3.0 512GB\n,Kingston,512,268.72
altosight_722,LEXAR JUMPDRIVE V10 8GB (FP)-\n,LEXAR,8,9.04
altosight_723,SanDisk - flashgeheugenkaart - 4 GB - microSDHC\n,SANDISK,4,15.99
altosight_724,Kingston Ultimate - flashgeheugenkaart - 16 GB - SDHC\n,Kingston,16,20.02
altosight_725,SanDisk Extreme - USB-flashstation - 16 GB\n,SANDISK,16,
altosight_726,PNY AttachÃ© 4 - USB-flashstation - 8 GB\n,PNY,8,8.02
altosight_727,Toshiba TransMemory U202 - USB-flashstation - 128 GB\n,TOSHIBA,128,34.54
altosight_728,PNY AttachÃ© 4 - USB-flashstation - 128 GB\n,PNY,128,36.51
altosight_729,SanDisk Extreme Pro - flashgeheugenkaart - 16 GB - microSDHC UHS-I\n,SANDISK,16,150.0
altosight_730,SanDisk Extreme Pro - flashgeheugenkaart - 8 GB - SDHC UHS-I\n,SANDISK,8,66.18
altosight_731,SanDisk Extreme Pro - USB-flashstation - 16 GB\n,SANDISK,16,31.9
altosight_732,SANDISK SDHC 16GB 80MB/S CL10\n,SANDISK,16,19.99
altosight_733,SANDISK SDHC 32GB 80MB/S CL10\n,SANDISK,32,27.04
altosight_734,Sandisk Ultra PLUS MicroSDHC 32 GB 80 MB / seconde UHS-I geheugenkaart met SD-adapter\n,SANDISK,32,27.04
altosight_735,Sandisk Ultra PLUS MicroSDXC 128 GB 80 MB / seconde UHS-I geheugenkaart met SD-adapter\n,SANDISK,128,80.04
altosight_736,Sandisk Ultra PLUS MicroSDXC 64 GB 80 MB / seconde UHS-I geheugenkaart met SD-adapter\n,SANDISK,64,50.04
altosight_737,Shop Samsung 32-Inch Flat HD LED TV Series 5 UA32N5000 Black online in Egypt,Samsung,,3199.0
altosight_738,Shop Samsung 43-Inch Smart UHD TV UA43NU7100 Black online in Egypt,Samsung,,6550.0
altosight_739,Shop Samsung Galaxy A10 Dual SIM Black 32GB 4G LTE online in Egypt,Samsung,,2040.0
altosight_740,Shop Samsung Galaxy A10 Dual SIM Black 32GB 4G LTE online in Egypt,Samsung,,2039.0
altosight_741,Shop Samsung Galaxy A10 Dual SIM Blue 32GB 4G LTE online in Egypt,Samsung,,2039.0
altosight_742,Shop Samsung Galaxy A10 Dual SIM Blue 32GB 4G LTE online in Egypt,Samsung,,2040.0
altosight_743,Shop Samsung Galaxy A10 Dual SIM Blue 32GB 4G LTE online in Egypt,Samsung,,1999.0
altosight_744,Shop Samsung Galaxy A10 Dual SIM Red 32GB 4G LTE online in Egypt,Samsung,,2040.0
altosight_745,Shop Samsung Galaxy A10 Dual SIM Red 32GB 4G LTE online in Egypt,Samsung,,2039.0
altosight_746,Shop Samsung Galaxy A20 Dual SIM Black 32GB 4G LTE online in Egypt,Samsung,,2594.0
altosight_747,Shop Samsung Galaxy A30 Black 64GB 4G LTE online in Egypt,Samsung,,3480.0
altosight_748,Shop Samsung Galaxy A30 Dual SIM Black 64GB 4G LTE online in Egypt,Samsung,,3700.0
altosight_749,Shop Samsung Galaxy A50 Dual SIM White 128GB 4G LTE online in Egypt,Samsung,,4575.0
altosight_750,Shop Samsung Galaxy A50 Dual SIM White 128GB 4G LTE online in Egypt,Samsung,,4599.0
altosight_751,Shop Samsung Galaxy A50 White 128GB 4G LTE online in Egypt,Samsung,,4784.0
altosight_752,Shop Samsung Galaxy S10 Plus Dual SIM Prism White 128GB 4G LTE online in Egypt,Samsung,,15899.0
altosight_753,Shop Samsung Samsung Galaxy Note9 Dual SIM Midnight Black 512GB 4G LTE online in Egypt,Samsung,,13999.0
altosight_754,Lexar JumpDrive S25 - USB-Flash-Laufwerk - 64 GB - USB 3.0 - Violett,LEXAR,64,47.22
altosight_755,Toshiba EXCERIA PRO - Flash-Speicherkarte - 32 GB - UHS Class 3 - SDHC UHS-II,TOSHIBA,32,79.47
altosight_756,"Toshiba THN-U202W1280E4, 128 GB, 2.0, USB-Anschluss Typ A, Kappe, 8 g, WeiÃ",TOSHIBA,128,37.71
altosight_757,SanDisk USB-Stick Ultra Dual USB Type-C 64 GB,SANDISK,64,29.87
altosight_758,Toshiba EXCERIA N302 - Flash-Speicherkarte - 128 GB - UHS-I U3 / Class10 - SDXC UHS-I,TOSHIBA,128,47.25
altosight_759,Achat Carte Micro SDXC 128Go - avec adaptateur SD KINGSTON dans le rayon Carte Micro SD,Kingston,16,29.61
altosight_760,JumpDrive P20 - USB 3.0 - 32 Go LEXAR Achat dans le rayon ClÃ©s USB USB 3.0,LEXAR,32,71.78
altosight_761,MÃ©moire 32GB JumpDrive C20m LEXAR Achat dans le rayon ClÃ©s USB USB 3.1,LEXAR,32,21.05
altosight_762,MÃ©moire 32GB JumpDrive C20m LEXAR Achat dans le rayon ClÃ©s USB USB 3.1,LEXAR,32,22.58
altosight_763,Attache 4 - Black Pny Achat dans le rayon ClÃ©s USB Usb 2.0,PNY,8,7.71
altosight_764,ClÃ© Usb AttachÃ© 4 2.0 128 Gb - Fd128ATT4-EF - Noir Pny Achat dans le rayon ClÃ©s USB Usb 2.0,PNY,128,35.45
altosight_765,Achat MICRO SD EVO PLUS Classe 10 - 16 Go Samsung dans le rayon Carte Micro SD,Samsung,16,19.99
altosight_766,Achat MÃ©moire Ultra Plus 32 Go 80Mo/s Sandisk dans le rayon Carte SD,SANDISK,32,34.99
altosight_767,Usb Key 32 Gb 2 Yr Wrnty Sony Achat dans le rayon ClÃ©s USB Usb 2.0,SONY,32,19.04
altosight_768,Usb Key 32 Gb 2 Yr Wrnty Sony Achat dans le rayon ClÃ©s USB Usb 2.0,SONY,32,19.22
altosight_769,Usb3.0 Key Machqx 32GB 5YWARR Sony Achat dans le rayon ClÃ©s USB Usb 3.0,SONY,32,54.59
altosight_770,ClÃ© USB 128 Go - THN-U202W1280E4 - Blanc TOSHIBA Achat dans le rayon ClÃ©s USB USB 2.0,TOSHIBA,128,30.05
altosight_771,"KINGSTON Ultimate SDHC 16GB, UHS-I/Class 10 (SDA10/16GB)",Kingston,16,14.99
altosight_772,"INTENSO 3503470 Basic Line 16 GB, USB-Stick, USB 2.0, 16 GB",Intenso,16,7.99
altosight_773,"INTENSO Premium Line, USB-Stick, USB 3.0, 64 GB",Intenso,64,29.99
altosight_774,"INTENSO Premium Line, USB-Stick, USB 3.0, 8 GB",Intenso,8,8.99
altosight_775,"INTENSO Rainbow Line, USB-Stick, USB 2.0, 4 GB",Intenso,4,6.49
altosight_776,"PNY Attache 4 2.0, USB-Stick, USB 2.0, 128 GB",PNY,128,27.99
altosight_777,USB-minne 16GB Cruzer Extreme USB 3.0 New,SANDISK,16,229.0
altosight_778,USB-minne 3.1 64GB Ultra Dual Typ C Scandinavian Photo,SANDISK,64,490.0
altosight_779,Tesco direct: Intenso 16GB Basic USB2.0 USB 2.0 Type-A Black Silver flash drive,Intenso,16,7.68
altosight_780,Tesco direct: Intenso Premium Line 64GB USB 3.0 (3.1 Gen 1) Type-A Silver,Intenso,64,51.27
altosight_781,Tesco direct: Intenso Rainbow 3502450 4 GB USB 2.0 Flash Drive,Intenso,4,6.4
altosight_782,Tesco direct: Kingston 16 GB microSDHC,Kingston,16,13.11
altosight_783,Tesco direct: Kingston 16 GB SDHC Class 10 Ultimate High Speed Memory Card SDA10/16GB,Kingston,16,12.15
altosight_784,Tesco direct: Kingston 16GB Data Traveler USB Card,Kingston,16,17.0
altosight_785,Tesco direct: Kingston 256 GB SDXC,Kingston,256,98.6
altosight_786,Tesco direct: Kingston 8GB DataTraveler SE9 G2 USB 3.0 Flash Drive,Kingston,8,7.89
altosight_787,Tesco direct: Kingston DataTraveler 101 64GB G2 USB 20 Flash Drive Green,Kingston,64,21.0
altosight_788,Tesco direct: Kingston Technology SDXC UHS-I U3 (SDA3) 128GB UHS Class 3 memory,Kingston,128,
altosight_789,Tesco direct: Lexar JumpDrive C20c 128GB USB 3.0 (3.1 Gen 1) Type-A/Type-C Black Silver,LEXAR,128,
altosight_790,Tesco direct: Lexar JumpDrive C20m 128GB USB 3.0 (3.1 Gen 1) Type-A Black Silver,LEXAR,128,
altosight_791,Tesco direct: Lexar JumpDrive C20m 32GB USB 3.0 (3.1 Gen 1) Type-A/Type-C Black Silver,LEXAR,32,
altosight_792,Tesco direct: Lexar JumpDrive P20 32GB USB 3.0 (3.1 Gen 1) Type-A Black flash drive,LEXAR,32,43.91
altosight_793,"Tesco direct: Lexar JumpDrive S25 16 GB USB 3.0 Flash Drive - Teal, White",LEXAR,16,11.36
altosight_794,"Tesco direct: Lexar JumpDrive S25 64 GB USB 3.0 Flash Drive - Purple, White",LEXAR,64,27.27
altosight_795,Tesco direct: Lexar JumpDrive S70 16GB USB Memory Flash Drive - (Burgundy) Small Blister,LEXAR,16,21.41
altosight_796,Tesco direct: Lexar JumpDrive V30 16 GB USB 2.0 Flash Drive - Teal,LEXAR,16,10.13
altosight_797,Tesco direct: Lexar JumpDrive V30 32 GB USB 2.0 Flash Drive - Green,LEXAR,32,16.33
altosight_798,Tesco direct: PNY Attach 4 8GB USB 2.0 Type-A Black flash drive,PNY,8,
altosight_799,Tesco direct: SanDisk Cruzer U USB 2.0 Flash Drive 8GB - Pink,SANDISK,8,2.5
altosight_800,Tesco direct: SanDisk Extreme Pro SDHC 95MB/sec UHS-I Card,SANDISK,16,32.02
altosight_801,Tesco direct: SanDisk Ultra USB Flash Drive,SANDISK,8,12.0
altosight_802,Tesco direct: Sony 16GB SDHC Memory Card,SONY,16,22.65
altosight_803,Tesco direct: Sony 32GB SDHC Memory Card Black,SONY,32,27.0
altosight_804,Tesco direct: Sony MicroVault R-Series USM-R (32GB) USB Storage Device,SONY,32,15.0
altosight_805,Tesco direct: Sony MicroVault Style USM4GMP (4GB) USB Flash Drive (Pink),SONY,4,8.78
altosight_806,Tesco direct: Sony SF16N4 16 GB SDHC,SONY,16,15.46
altosight_807,Tesco direct: Sony USM16CA1 USB flash drive,SONY,16,31.2
altosight_808,Tesco direct: TOS-N302-128GB-SD 128GB Exceria SD Flash Card Speed Class 3,TOSHIBA,128,39.99
altosight_809,Tesco direct: TOS-U202-128GB-WHI 128GB TransMemory USB 2.0 Flash Drive,TOSHIBA,128,34.99
altosight_810,Tesco direct: Toshiba 32 GB Exceria PRO 32GB SDHC UHS Class 3 memory card,TOSHIBA,32,84.54
altosight_811,Tesco direct: Toshiba 64GB Exceria PRO SDHC UHS Class 3 memory card,TOSHIBA,64,114.98
altosight_812,Tesco direct: Toshiba EXCERIA PRO - N401 128GB SDXC UHS-I Class 3 memory card,TOSHIBA,128,90.51
altosight_813,Tesco direct: Toshiba EXCERIA PRO - N401 32GB SDHC UHS-I Class 3 memory card,TOSHIBA,32,36.65
altosight_814,Tesco direct: Toshiba THN-M401S0160E2 16GB MicroSD NAND Class 10 memory card,TOSHIBA,16,16.15
altosight_815,Lexar 8GB JumpDrive V10 8GB USB 2.0 Tipo-A Blu unitÃ  flash USB,LEXAR,128,8.99
altosight_816,"Lexar JumpDrive S70 16GB USB 2.0 Tipo-A Grigio, Arancione unitÃ  flash USB",LEXAR,16,19.9
altosight_817,Sony USM32GR,SONY,32,20.99
altosight_818,Sony HDSL1 1000GB Nero disco rigido esterno,SONY,1024,129.0
altosight_819,Transcend 64GB SDXC UHS-II U3 64GB SDXC UHS-II Classe 10 memoria flash,Transcend,64,113.68
altosight_820,Sony SR-8A4,SONY,8,12.5
altosight_821,Sony SD Card 16GB SD HC Class 4 bei,SONY,16,14.99
altosight_822,Sony USB-Stick 4GB 2.0 USM Midi Model (USM4GR) bei,SONY,4,8.99
altosight_823,Sony USB-Stick 32GB 2.0 USM (USM32GR) bei,SONY,32,22.9
altosight_824,"Kingston DataTraveler Generation 4 (G4) USB- Stick, 128GB, USB 3.0 (DTIG4/128GB) bei",Kingston,128,49.99
altosight_825,Pen Drive TOSHIBA 128GB U202W Blanco,TOSHIBA,128,44.99
altosight_826,Pendrive 128 GB  PNY Attache 4 2.0,PNY,128,29.99
altosight_827,Pendrive 8GB PNY AttachÃ©4 2.0 Negro,PNY,8,8.99
altosight_828,Pendrive KINGSTON 512GB HXSAV USB 3.1,Kingston,512,269.0
altosight_829,Pendrive LEXAR Jumpdrive S25 32 GB,LEXAR,32,13.99
altosight_830,Pendrive LEXAR Jumpdrive S25 64 GB,LEXAR,64,24.99
altosight_831,Pendrive SANDISK Extreme GO 3.1 256GB,SANDISK,256,195.99
altosight_832,Tarjeta de Memoria SD  SONY 16GB EXPERIENCE,SONY,16,15.99
altosight_833,Tarjeta de Memoria SANDISK Extreme Pro SDHC 8GB,SANDISK,8,22.97
altosight_834,Tarjeta de Memoria SANDISK SDHC 8GB,SANDISK,8,4.99
